entity_id,canonical_name,entity_type,aliases_json,description,source,source_id,created_at,updated_at
D003866,depressive disorder,disease,"[""depression disorder"", ""depressive disorder""]",A depressive disorder umbrella concept.,seed,,2026-04-10T11:06:57+00:00,2026-04-10T11:06:57+00:00
D003865,major depressive disorder,disease,"[""major depression"", ""major depressive disorder"", ""mdd"", ""unipolar depression""]",Major depressive disorder.,seed,,2026-04-10T11:06:57+00:00,2026-04-10T11:06:57+00:00
D0000001,treatment-resistant depression,disease,"[""trd"", ""treatment-resistant depression""]",Depression with insufficient response to prior treatment.,seed,,2026-04-10T11:06:57+00:00,2026-04-10T11:06:57+00:00
S0000001,sadness,symptom,"[""low mood"", ""sadness""]",Depressed or sad mood.,seed,,2026-04-10T11:06:57+00:00,2026-04-10T11:06:57+00:00
S0000002,anhedonia,symptom,"[""anhedonia"", ""loss of interest"", ""loss of pleasure""]",Reduced interest or pleasure.,seed,,2026-04-10T11:06:57+00:00,2026-04-10T11:06:57+00:00
ent_8a621b79f01ba6ff,fatigue,symptom,"[""fatigue"", ""tiredness""]",Low energy or fatigue.,seed,,2026-04-10T11:06:57+00:00,2026-04-10T11:06:57+00:00
S0000003,sleep disturbance,symptom,"[""insomnia"", ""sleep disturbance"", ""sleep problems""]",Sleep-related disturbance.,seed,,2026-04-10T11:06:57+00:00,2026-04-10T11:06:57+00:00
R0000001,psychological stress,risk_factor,"[""psychological stress"", ""stress""]",Psychological stress exposure.,seed,,2026-04-10T11:06:57+00:00,2026-04-10T11:06:57+00:00
R0000002,social isolation,risk_factor,"[""loneliness"", ""social isolation""]",Reduced social connectedness.,seed,,2026-04-10T11:06:57+00:00,2026-04-10T11:06:57+00:00
R0000003,family history,risk_factor,"[""family history"", ""genetic predisposition""]",Family history of mental disorders.,seed,,2026-04-10T11:06:57+00:00,2026-04-10T11:06:57+00:00
T0000001,psychotherapy,treatment,"[""psychotherapy"", ""talk therapy""]",Psychological treatment.,seed,,2026-04-10T11:06:57+00:00,2026-04-10T11:06:57+00:00
T0000002,cognitive behavioral therapy,treatment,"[""cbt"", ""cognitive behavioral therapy""]",A common psychotherapy for depression.,seed,,2026-04-10T11:06:57+00:00,2026-04-10T11:06:57+00:00
T0000003,exercise,treatment,"[""exercise"", ""physical activity""]",Exercise-based intervention.,seed,,2026-04-10T11:06:57+00:00,2026-04-10T11:06:57+00:00
DR000001,fluoxetine,drug,"[""fluoxetine"", ""prozac""]",An SSRI antidepressant.,seed,,2026-04-10T11:06:57+00:00,2026-04-10T11:06:57+00:00
DR000002,sertraline,drug,"[""sertraline"", ""zoloft""]",An SSRI antidepressant.,seed,,2026-04-10T11:06:57+00:00,2026-04-10T11:06:57+00:00
DR000003,escitalopram,drug,"[""escitalopram"", ""lexapro""]",An SSRI antidepressant.,seed,,2026-04-10T11:06:57+00:00,2026-04-10T11:06:57+00:00
SC000001,phq-9,scale,"[""patient health questionnaire-9"", ""phq-9""]",Depression screening instrument.,seed,,2026-04-10T11:06:57+00:00,2026-04-10T11:06:57+00:00
SC000002,hamd,scale,"[""hamd"", ""hamilton depression rating scale""]",Clinician-rated depression scale.,seed,,2026-04-10T11:06:57+00:00,2026-04-10T11:06:57+00:00
BM000001,eeg feature,biomarker,"[""eeg"", ""eeg feature"", ""electroencephalography feature""]",EEG-derived biomarker or feature.,seed,,2026-04-10T11:06:57+00:00,2026-04-10T11:06:57+00:00
ent_633cb619ffa7d5a3,hopelessness,symptom,"[""despair"", ""hopelessness""]",Feeling of hopelessness.,seed,,2026-04-10T11:06:57+00:00,2026-04-10T11:06:57+00:00
ent_9606bd1532d45bad,guilt,symptom,"[""feelings of guilt"", ""guilt""]",Excessive guilt.,seed,,2026-04-10T11:06:57+00:00,2026-04-10T11:06:57+00:00
ent_d3dc69905ee167d9,suicidal thoughts,symptom,"[""suicidal ideation"", ""suicidal thoughts""]",Thoughts of self-harm.,seed,,2026-04-10T11:06:57+00:00,2026-04-10T11:06:57+00:00
ent_18e1dd4ae37c4149,appetite change,symptom,"[""appetite change"", ""increased appetite"", ""loss of appetite""]",Changes in appetite.,seed,,2026-04-10T11:06:57+00:00,2026-04-10T11:06:57+00:00
ent_e20112e744f16c67,weight loss,symptom,"[""unintended weight loss"", ""weight loss""]",Unintended weight loss.,seed,,2026-04-10T11:06:57+00:00,2026-04-10T11:06:57+00:00
ent_7fa225580b91e41a,concentration problems,symptom,"[""concentration problems"", ""difficulty concentrating""]",Difficulty concentrating.,seed,,2026-04-10T11:06:57+00:00,2026-04-10T11:06:57+00:00
ent_2358a9d9c825264e,antidepressants,treatment,"[""antidepressant medication"", ""antidepressants""]",Pharmacological treatment for depression.,seed,,2026-04-10T11:06:57+00:00,2026-04-10T11:06:57+00:00
ent_de91122d9f8deb0f,electroconvulsive therapy,treatment,"[""ect"", ""electroconvulsive therapy""]",Electrical stimulation treatment.,seed,,2026-04-10T11:06:57+00:00,2026-04-10T11:06:57+00:00
ent_9a51bf8a0d073c82,transcranial magnetic stimulation,treatment,"[""tms"", ""transcranial magnetic stimulation""]",Magnetic stimulation treatment.,seed,,2026-04-10T11:06:57+00:00,2026-04-10T11:06:57+00:00
ent_b59c09ed4f997058,paroxetine,drug,"[""paroxetine"", ""paxil""]",An SSRI antidepressant.,seed,,2026-04-10T11:06:57+00:00,2026-04-10T11:06:57+00:00
ent_c1ddcbf3b2a0261b,venlafaxine,drug,"[""effexor"", ""venlafaxine""]",An SNRI antidepressant.,seed,,2026-04-10T11:06:57+00:00,2026-04-10T11:06:57+00:00
ent_049faf9d625da6f4,bupropion,drug,"[""bupropion"", ""wellbutrin""]",An NDRI antidepressant.,seed,,2026-04-10T11:06:57+00:00,2026-04-10T11:06:57+00:00
ent_019d439be2c7e49a,bipolar disorder,disease,"[""bipolar disorder"", ""manic depression""]",Mood disorder with manic and depressive episodes.,seed,,2026-04-10T11:06:57+00:00,2026-04-10T11:06:57+00:00
ent_9042ab864b3eea6d,dysthymia,disease,"[""dysthymia"", ""persistent depressive disorder""]",Chronic mild depression.,seed,,2026-04-10T11:06:57+00:00,2026-04-10T11:06:57+00:00
ent_3c34679de46ddbcc,postpartum depression,disease,"[""perinatal depression"", ""postpartum depression""]",Depression after childbirth.,seed,,2026-04-10T11:06:57+00:00,2026-04-10T11:06:57+00:00
ent_bc9a0768a969e537,seasonal affective disorder,disease,"[""sad"", ""seasonal affective disorder""]",Depression related to seasonal changes.,seed,,2026-04-10T11:06:57+00:00,2026-04-10T11:06:57+00:00
ent_85b0fd202b2b093c,trauma,risk_factor,"[""childhood trauma"", ""trauma""]",History of traumatic experiences.,seed,,2026-04-10T11:06:57+00:00,2026-04-10T11:06:57+00:00
ent_f641feb1798ec047,inflammation,risk_factor,"[""chronic inflammation"", ""inflammation""]",Inflammatory processes.,seed,,2026-04-10T11:06:57+00:00,2026-04-10T11:06:57+00:00
ent_b06456b185ec5f0b,beck depression inventory,scale,"[""bdi"", ""beck depression inventory""]",Self-report depression scale.,seed,,2026-04-10T11:06:57+00:00,2026-04-10T11:06:57+00:00
ent_d44852bb0fd2d331,montgomery-asberg depression rating scale,scale,"[""madrs"", ""montgomery-asberg depression rating scale""]",Clinician-rated depression scale.,seed,,2026-04-10T11:06:57+00:00,2026-04-10T11:06:57+00:00
ent_8d5d23d4795bfbd6,cortisol,biomarker,"[""cortisol"", ""stress hormone""]",Hormone biomarker for stress.,seed,,2026-04-10T11:06:57+00:00,2026-04-10T11:06:57+00:00
ent_ef632ae8fa4d34ab,serotonin,biomarker,"[""5-ht"", ""serotonin""]",Neurotransmitter biomarker.,seed,,2026-04-10T11:06:57+00:00,2026-04-10T11:06:57+00:00
ent_95cc0e5c52ba7aaa,sleep staging,task,"[""sleep stage classification"", ""sleep staging""]","The process of classifying sleep into Wake, N1, N2, N3, and REM stages.",seed,,2026-04-10T11:06:57+00:00,2026-04-10T11:06:57+00:00
ent_489d89558dd431c5,rem sleep,sleep_stage,"[""rapid eye movement"", ""rapid eye movement sleep"", ""rem"", ""rem sleep""]","A sleep stage associated with vivid dreaming, rapid eye movements, and low muscle tone.",seed,,2026-04-10T11:06:57+00:00,2026-04-10T11:06:57+00:00
ent_a311694f97362b13,n1 sleep,sleep_stage,"[""light sleep"", ""n1"", ""n1 sleep"", ""stage n1""]","The lightest non-REM sleep stage, often marking the transition from wakefulness to sleep.",seed,,2026-04-10T11:06:57+00:00,2026-04-10T11:06:57+00:00
ent_9d7e839e3f2b793d,n2 sleep,sleep_stage,"[""n2"", ""n2 sleep"", ""stage n2""]",A stable non-REM sleep stage characterized by sleep spindles and K-complexes.,seed,,2026-04-10T11:06:57+00:00,2026-04-10T11:06:57+00:00
ent_d6133211f46f1123,n3 sleep,sleep_stage,"[""deep sleep"", ""n3"", ""n3 sleep"", ""slow wave sleep"", ""stage n3""]",Deep non-REM sleep characterized by slow waves and restorative processes.,seed,,2026-04-10T11:06:57+00:00,2026-04-10T11:06:57+00:00
ent_4657c5e99aff24cc,dreaming,sleep_symptom,"[""dream a lot"", ""dreaming"", ""frequent dreaming"", ""many dreams"", ""vivid dreams""]",Frequent or vivid dreaming reported by the subject.,seed,,2026-04-10T11:06:57+00:00,2026-04-10T11:06:57+00:00
ent_34634bfbb8e35fb8,nocturnal awakening,sleep_symptom,"[""easy to wake up"", ""frequent awakenings"", ""nocturnal awakening"", ""wake up at night"", ""waking up during the night""]",Waking up repeatedly during the night.,seed,,2026-04-10T11:06:57+00:00,2026-04-10T11:06:57+00:00
ent_6031329329a3e140,sleep fragmentation,sleep_pattern,"[""broken sleep"", ""fragmented sleep"", ""interrupted sleep"", ""sleep fragmentation""]",A disrupted sleep architecture with frequent awakenings or arousals.,seed,,2026-04-10T11:06:57+00:00,2026-04-10T11:06:57+00:00
ent_7fb346bc8fa9b27d,sleep spindle,eeg_feature,"[""sleep spindle"", ""sleep spindles""]",A hallmark EEG feature of N2 sleep.,seed,,2026-04-10T11:06:57+00:00,2026-04-10T11:06:57+00:00
ent_8f541ecc0bcbaa45,k-complex,eeg_feature,"[""k complex"", ""k-complex"", ""k-complexes""]",A hallmark EEG waveform commonly seen in N2 sleep.,seed,,2026-04-10T11:06:57+00:00,2026-04-10T11:06:57+00:00
ent_6f9479ee9e4d6b7d,slow wave,eeg_feature,"[""delta wave"", ""delta waves"", ""slow wave"", ""slow waves""]",A low-frequency high-amplitude EEG feature associated with N3 sleep.,seed,,2026-04-10T11:06:57+00:00,2026-04-10T11:06:57+00:00
ent_7a392e232e4d7306,sleep onset insomnia,sleep_symptom,"[""initial insomnia"", ""sleep onset insomnia""]",Sleep-related symptom relevant to mood and emotion modeling.,seed,,2026-04-10T11:06:57+00:00,2026-04-10T11:06:57+00:00
ent_ca0246b505bb4e60,sleep maintenance insomnia,sleep_symptom,"[""middle insomnia"", ""sleep maintenance insomnia""]",Sleep-related symptom relevant to mood and emotion modeling.,seed,,2026-04-10T11:06:57+00:00,2026-04-10T11:06:57+00:00
ent_f79237a2d3df3b9d,early morning awakening,sleep_symptom,"[""early morning awakening"", ""ema""]",Sleep-related symptom relevant to mood and emotion modeling.,seed,,2026-04-10T11:06:57+00:00,2026-04-10T11:06:57+00:00
ent_0f03b7dcd976fdea,terminal insomnia,sleep_symptom,"[""terminal insomnia""]",Sleep-related symptom relevant to mood and emotion modeling.,seed,,2026-04-10T11:06:57+00:00,2026-04-10T11:06:57+00:00
ent_12e034920da98f49,non-restorative sleep,sleep_symptom,"[""non-restorative sleep""]",Sleep-related symptom relevant to mood and emotion modeling.,seed,,2026-04-10T11:06:57+00:00,2026-04-10T11:06:57+00:00
ent_b839bcce4458c6ae,restless sleep,sleep_symptom,"[""restless sleep""]",Sleep-related symptom relevant to mood and emotion modeling.,seed,,2026-04-10T11:06:57+00:00,2026-04-10T11:06:57+00:00
ent_0db42e312c00dbfd,difficulty falling asleep,sleep_symptom,"[""difficulty falling asleep""]",Sleep-related symptom relevant to mood and emotion modeling.,seed,,2026-04-10T11:06:57+00:00,2026-04-10T11:06:57+00:00
ent_822d0021b37a333a,difficulty staying asleep,sleep_symptom,"[""difficulty staying asleep""]",Sleep-related symptom relevant to mood and emotion modeling.,seed,,2026-04-10T11:06:57+00:00,2026-04-10T11:06:57+00:00
ent_166163965c224d23,prolonged sleep latency,sleep_symptom,"[""prolonged sleep latency""]",Sleep-related symptom relevant to mood and emotion modeling.,seed,,2026-04-10T11:06:57+00:00,2026-04-10T11:06:57+00:00
ent_3d2045e6e019d8aa,frequent nocturnal arousals,sleep_symptom,"[""frequent nocturnal arousals""]",Sleep-related symptom relevant to mood and emotion modeling.,seed,,2026-04-10T11:06:57+00:00,2026-04-10T11:06:57+00:00
ent_0169a52f4d5228dc,middle-of-the-night awakening,sleep_symptom,"[""middle-of-the-night awakening""]",Sleep-related symptom relevant to mood and emotion modeling.,seed,,2026-04-10T11:06:57+00:00,2026-04-10T11:06:57+00:00
ent_49c512f6d1003424,insufficient sleep,sleep_symptom,"[""insufficient sleep""]",Sleep-related symptom relevant to mood and emotion modeling.,seed,,2026-04-10T11:06:57+00:00,2026-04-10T11:06:57+00:00
ent_5919005985315349,chronic insomnia,sleep_symptom,"[""chronic insomnia""]",Sleep-related symptom relevant to mood and emotion modeling.,seed,,2026-04-10T11:06:57+00:00,2026-04-10T11:06:57+00:00
ent_64f3d7092ba743eb,acute insomnia,sleep_symptom,"[""acute insomnia""]",Sleep-related symptom relevant to mood and emotion modeling.,seed,,2026-04-10T11:06:57+00:00,2026-04-10T11:06:57+00:00
ent_b90257e2c16962c3,psychophysiological insomnia,sleep_symptom,"[""psychophysiological insomnia""]",Sleep-related symptom relevant to mood and emotion modeling.,seed,,2026-04-10T11:06:57+00:00,2026-04-10T11:06:57+00:00
ent_dec9605d973b0a02,paradoxical insomnia,sleep_symptom,"[""paradoxical insomnia""]",Sleep-related symptom relevant to mood and emotion modeling.,seed,,2026-04-10T11:06:57+00:00,2026-04-10T11:06:57+00:00
ent_03d6ded8aab756ce,comorbid insomnia,sleep_symptom,"[""comorbid insomnia""]",Sleep-related symptom relevant to mood and emotion modeling.,seed,,2026-04-10T11:06:57+00:00,2026-04-10T11:06:57+00:00
ent_7c167ebcaa4b3836,subthreshold insomnia,sleep_symptom,"[""subthreshold insomnia""]",Sleep-related symptom relevant to mood and emotion modeling.,seed,,2026-04-10T11:06:57+00:00,2026-04-10T11:06:57+00:00
ent_d630d821dd5c9cc2,sleep inertia,sleep_symptom,"[""sleep inertia""]",Sleep-related symptom relevant to mood and emotion modeling.,seed,,2026-04-10T11:06:57+00:00,2026-04-10T11:06:57+00:00
ent_abc22cf8530b2e92,morning grogginess,sleep_symptom,"[""morning grogginess""]",Sleep-related symptom relevant to mood and emotion modeling.,seed,,2026-04-10T11:06:57+00:00,2026-04-10T11:06:57+00:00
ent_5ce7b0f697dbd406,daytime sleepiness,sleep_symptom,"[""daytime sleepiness""]",Sleep-related symptom relevant to mood and emotion modeling.,seed,,2026-04-10T11:06:57+00:00,2026-04-10T11:06:57+00:00
ent_e4c0e5ac5a5aa6f6,excessive daytime sleepiness,sleep_symptom,"[""eds"", ""excessive daytime sleepiness""]",Sleep-related symptom relevant to mood and emotion modeling.,seed,,2026-04-10T11:06:57+00:00,2026-04-10T11:06:57+00:00
ent_52526c57067428a0,hypersomnia,sleep_symptom,"[""hypersomnia""]",Sleep-related symptom relevant to mood and emotion modeling.,seed,,2026-04-10T11:06:57+00:00,2026-04-10T11:06:57+00:00
ent_83c04c47a0983ce6,prolonged sleep duration,sleep_symptom,"[""prolonged sleep duration""]",Sleep-related symptom relevant to mood and emotion modeling.,seed,,2026-04-10T11:06:57+00:00,2026-04-10T11:06:57+00:00
ent_4cb009f567f432a4,short sleep duration,sleep_symptom,"[""short sleep duration""]",Sleep-related symptom relevant to mood and emotion modeling.,seed,,2026-04-10T11:06:57+00:00,2026-04-10T11:06:57+00:00
ent_af479cdb36b39324,irregular sleep schedule,sleep_symptom,"[""irregular sleep schedule""]",Sleep-related symptom relevant to mood and emotion modeling.,seed,,2026-04-10T11:06:57+00:00,2026-04-10T11:06:57+00:00
ent_7a8033c1e883867e,social jet lag,sleep_symptom,"[""social jet lag""]",Sleep-related symptom relevant to mood and emotion modeling.,seed,,2026-04-10T11:06:57+00:00,2026-04-10T11:06:57+00:00
ent_0789519763b075e6,jet lag disorder,sleep_symptom,"[""jet lag disorder""]",Sleep-related symptom relevant to mood and emotion modeling.,seed,,2026-04-10T11:06:57+00:00,2026-04-10T11:06:57+00:00
ent_05126e1b691caa2f,shift work sleep disorder,sleep_symptom,"[""shift work sleep disorder""]",Sleep-related symptom relevant to mood and emotion modeling.,seed,,2026-04-10T11:06:57+00:00,2026-04-10T11:06:57+00:00
ent_013104d540a220d4,circadian misalignment,sleep_symptom,"[""circadian misalignment""]",Sleep-related symptom relevant to mood and emotion modeling.,seed,,2026-04-10T11:06:57+00:00,2026-04-10T11:06:57+00:00
ent_dd2e8d3665b896d1,delayed sleep phase,sleep_symptom,"[""delayed sleep phase""]",Sleep-related symptom relevant to mood and emotion modeling.,seed,,2026-04-10T11:06:57+00:00,2026-04-10T11:06:57+00:00
ent_ab2ac0d12ed38992,advanced sleep phase,sleep_symptom,"[""advanced sleep phase""]",Sleep-related symptom relevant to mood and emotion modeling.,seed,,2026-04-10T11:06:57+00:00,2026-04-10T11:06:57+00:00
ent_d41cb136c6678015,irregular sleep-wake rhythm,sleep_symptom,"[""irregular sleep-wake rhythm""]",Sleep-related symptom relevant to mood and emotion modeling.,seed,,2026-04-10T11:06:57+00:00,2026-04-10T11:06:57+00:00
ent_5a33daae8c45d6ca,non-24-hour sleep-wake disorder,sleep_symptom,"[""non-24-hour sleep-wake disorder""]",Sleep-related symptom relevant to mood and emotion modeling.,seed,,2026-04-10T11:06:57+00:00,2026-04-10T11:06:57+00:00
ent_9d4f3d34faf7b2c8,weekend catch-up sleep,sleep_symptom,"[""weekend catch-up sleep""]",Sleep-related symptom relevant to mood and emotion modeling.,seed,,2026-04-10T11:06:57+00:00,2026-04-10T11:06:57+00:00
ent_e0dc6e40032d307c,sleep debt,sleep_symptom,"[""sleep debt""]",Sleep-related symptom relevant to mood and emotion modeling.,seed,,2026-04-10T11:06:57+00:00,2026-04-10T11:06:57+00:00
ent_53daffb0134dfb6a,sleep deprivation,sleep_symptom,"[""sleep deprivation""]",Sleep-related symptom relevant to mood and emotion modeling.,seed,,2026-04-10T11:06:57+00:00,2026-04-10T11:06:57+00:00
ent_3f8811626ee614dd,fragmented sleep continuity,sleep_symptom,"[""fragmented sleep continuity""]",Sleep-related symptom relevant to mood and emotion modeling.,seed,,2026-04-10T11:06:57+00:00,2026-04-10T11:06:57+00:00
ent_f2693dcb4b81219f,reduced sleep efficiency,sleep_symptom,"[""reduced sleep efficiency""]",Sleep-related symptom relevant to mood and emotion modeling.,seed,,2026-04-10T11:06:57+00:00,2026-04-10T11:06:57+00:00
ent_f989ff7741f00857,increased wake after sleep onset,sleep_symptom,"[""increased wake after sleep onset""]",Sleep-related symptom relevant to mood and emotion modeling.,seed,,2026-04-10T11:06:57+00:00,2026-04-10T11:06:57+00:00
ent_6d0fd494c7f1c451,WASO,sleep_symptom,"[""WASO""]",Sleep-related symptom relevant to mood and emotion modeling.,seed,,2026-04-10T11:06:57+00:00,2026-04-10T11:06:57+00:00
ent_6e23de1b2cda746a,sleep state misperception,sleep_symptom,"[""sleep state misperception""]",Sleep-related symptom relevant to mood and emotion modeling.,seed,,2026-04-10T11:06:57+00:00,2026-04-10T11:06:57+00:00
ent_e6ae933004fb83eb,sleep dissatisfaction,sleep_symptom,"[""sleep dissatisfaction""]",Sleep-related symptom relevant to mood and emotion modeling.,seed,,2026-04-10T11:06:57+00:00,2026-04-10T11:06:57+00:00
ent_d736884429f082d9,poor sleep quality,sleep_symptom,"[""poor sleep quality""]",Sleep-related symptom relevant to mood and emotion modeling.,seed,,2026-04-10T11:06:57+00:00,2026-04-10T11:06:57+00:00
ent_895c17a63c1b6796,insufficient deep sleep,sleep_symptom,"[""insufficient deep sleep""]",Sleep-related symptom relevant to mood and emotion modeling.,seed,,2026-04-10T11:06:57+00:00,2026-04-10T11:06:57+00:00
ent_2d46aaa00ecb788f,reduced rem sleep,sleep_symptom,"[""reduced rem sleep""]",Sleep-related symptom relevant to mood and emotion modeling.,seed,,2026-04-10T11:06:57+00:00,2026-04-10T11:06:57+00:00
ent_5f2d76930ecd2526,increased rem density,sleep_symptom,"[""increased rem density""]",Sleep-related symptom relevant to mood and emotion modeling.,seed,,2026-04-10T11:06:57+00:00,2026-04-10T11:06:57+00:00
ent_2f460e0fbcf9584a,shortened rem latency,sleep_symptom,"[""shortened rem latency""]",Sleep-related symptom relevant to mood and emotion modeling.,seed,,2026-04-10T11:06:57+00:00,2026-04-10T11:06:57+00:00
ent_38f31e0665cfb3e9,prolonged rem latency,sleep_symptom,"[""prolonged rem latency""]",Sleep-related symptom relevant to mood and emotion modeling.,seed,,2026-04-10T11:06:57+00:00,2026-04-10T11:06:57+00:00
ent_640222d7c499d841,nightmare frequency,sleep_symptom,"[""nightmare frequency""]",Sleep-related symptom relevant to mood and emotion modeling.,seed,,2026-04-10T11:06:57+00:00,2026-04-10T11:06:57+00:00
ent_d545b4a3ccc88e79,disturbing dreams,sleep_symptom,"[""disturbing dreams""]",Sleep-related symptom relevant to mood and emotion modeling.,seed,,2026-04-10T11:06:57+00:00,2026-04-10T11:06:57+00:00
ent_b5af445b5a7b83b2,sleep talking,sleep_symptom,"[""sleep talking""]",Sleep-related symptom relevant to mood and emotion modeling.,seed,,2026-04-10T11:06:57+00:00,2026-04-10T11:06:57+00:00
ent_7120f9ee2e34822b,somniloquy,sleep_symptom,"[""somniloquy""]",Sleep-related symptom relevant to mood and emotion modeling.,seed,,2026-04-10T11:06:57+00:00,2026-04-10T11:06:57+00:00
ent_9b363a0971e3e474,sleepwalking,sleep_symptom,"[""sleepwalking""]",Sleep-related symptom relevant to mood and emotion modeling.,seed,,2026-04-10T11:06:57+00:00,2026-04-10T11:06:57+00:00
ent_9378e4225709a165,somnambulism,sleep_symptom,"[""somnambulism""]",Sleep-related symptom relevant to mood and emotion modeling.,seed,,2026-04-10T11:06:57+00:00,2026-04-10T11:06:57+00:00
ent_1634e6dd8054891b,confusional arousals,sleep_symptom,"[""confusional arousals""]",Sleep-related symptom relevant to mood and emotion modeling.,seed,,2026-04-10T11:06:57+00:00,2026-04-10T11:06:57+00:00
ent_7e912c262c3cbcca,night terrors,sleep_symptom,"[""night terrors""]",Sleep-related symptom relevant to mood and emotion modeling.,seed,,2026-04-10T11:06:57+00:00,2026-04-10T11:06:57+00:00
ent_bac4d02d7ec98e06,REM sleep behavior disorder,sleep_symptom,"[""REM sleep behavior disorder""]",Sleep-related symptom relevant to mood and emotion modeling.,seed,,2026-04-10T11:06:57+00:00,2026-04-10T11:06:57+00:00
ent_69bb81edd546a017,restless legs syndrome,sleep_symptom,"[""restless legs syndrome"", ""rls""]",Sleep-related symptom relevant to mood and emotion modeling.,seed,,2026-04-10T11:06:57+00:00,2026-04-10T11:06:57+00:00
ent_b30961356cf3578b,periodic limb movement disorder,sleep_symptom,"[""periodic limb movement disorder""]",Sleep-related symptom relevant to mood and emotion modeling.,seed,,2026-04-10T11:06:57+00:00,2026-04-10T11:06:57+00:00
ent_718b3462035b9a70,bruxism during sleep,sleep_symptom,"[""bruxism during sleep""]",Sleep-related symptom relevant to mood and emotion modeling.,seed,,2026-04-10T11:06:57+00:00,2026-04-10T11:06:57+00:00
ent_aa769e4c188f7b12,sleep-related teeth grinding,sleep_symptom,"[""sleep-related teeth grinding""]",Sleep-related symptom relevant to mood and emotion modeling.,seed,,2026-04-10T11:06:57+00:00,2026-04-10T11:06:57+00:00
ent_2d1ac056acca2e72,sleep-related leg cramps,sleep_symptom,"[""sleep-related leg cramps""]",Sleep-related symptom relevant to mood and emotion modeling.,seed,,2026-04-10T11:06:57+00:00,2026-04-10T11:06:57+00:00
ent_d4ff8238b6112b7f,nocturia-related awakening,sleep_symptom,"[""nocturia-related awakening""]",Sleep-related symptom relevant to mood and emotion modeling.,seed,,2026-04-10T11:06:57+00:00,2026-04-10T11:06:57+00:00
ent_19ccdefe7159b149,pain-related awakening,sleep_symptom,"[""pain-related awakening""]",Sleep-related symptom relevant to mood and emotion modeling.,seed,,2026-04-10T11:06:57+00:00,2026-04-10T11:06:57+00:00
ent_39cd0c77aec14098,hot-flash awakening,sleep_symptom,"[""hot-flash awakening""]",Sleep-related symptom relevant to mood and emotion modeling.,seed,,2026-04-10T11:06:57+00:00,2026-04-10T11:06:57+00:00
ent_f59ead748ff0ecde,anxiety-related awakening,sleep_symptom,"[""anxiety-related awakening""]",Sleep-related symptom relevant to mood and emotion modeling.,seed,,2026-04-10T11:06:57+00:00,2026-04-10T11:06:57+00:00
ent_cbccfbb79f56a08d,panic awakening,sleep_symptom,"[""panic awakening""]",Sleep-related symptom relevant to mood and emotion modeling.,seed,,2026-04-10T11:06:57+00:00,2026-04-10T11:06:57+00:00
ent_a7a752c0dd3b6103,rumination at bedtime,sleep_symptom,"[""rumination at bedtime""]",Sleep-related symptom relevant to mood and emotion modeling.,seed,,2026-04-10T11:06:57+00:00,2026-04-10T11:06:57+00:00
ent_641174d64bb48c8b,bedtime worry,sleep_symptom,"[""bedtime worry""]",Sleep-related symptom relevant to mood and emotion modeling.,seed,,2026-04-10T11:06:57+00:00,2026-04-10T11:06:57+00:00
ent_f0bddbd7752ee432,pre-sleep cognitive arousal,sleep_symptom,"[""pre-sleep cognitive arousal""]",Sleep-related symptom relevant to mood and emotion modeling.,seed,,2026-04-10T11:06:57+00:00,2026-04-10T11:06:57+00:00
ent_5ce8681e39824360,pre-sleep somatic arousal,sleep_symptom,"[""pre-sleep somatic arousal""]",Sleep-related symptom relevant to mood and emotion modeling.,seed,,2026-04-10T11:06:57+00:00,2026-04-10T11:06:57+00:00
ent_9cffc669ce9d0791,clock watching at night,sleep_symptom,"[""clock watching at night""]",Sleep-related symptom relevant to mood and emotion modeling.,seed,,2026-04-10T11:06:57+00:00,2026-04-10T11:06:57+00:00
ent_72f1ff3586e00175,fear of sleeplessness,sleep_symptom,"[""fear of sleeplessness""]",Sleep-related symptom relevant to mood and emotion modeling.,seed,,2026-04-10T11:06:57+00:00,2026-04-10T11:06:57+00:00
ent_e8a2e899e2ae4dfd,conditioned arousal in bed,sleep_symptom,"[""conditioned arousal in bed""]",Sleep-related symptom relevant to mood and emotion modeling.,seed,,2026-04-10T11:06:57+00:00,2026-04-10T11:06:57+00:00
ent_949ffc90e677e4f9,hyperarousal at bedtime,sleep_symptom,"[""hyperarousal at bedtime""]",Sleep-related symptom relevant to mood and emotion modeling.,seed,,2026-04-10T11:06:57+00:00,2026-04-10T11:06:57+00:00
ent_bae6decbb5f3d78d,bedtime procrastination,sleep_symptom,"[""bedtime procrastination""]",Sleep-related symptom relevant to mood and emotion modeling.,seed,,2026-04-10T11:06:57+00:00,2026-04-10T11:06:57+00:00
ent_74826213044a48f3,inconsistent bedtime,sleep_symptom,"[""inconsistent bedtime""]",Sleep-related symptom relevant to mood and emotion modeling.,seed,,2026-04-10T11:06:57+00:00,2026-04-10T11:06:57+00:00
ent_ab7407698a69fcb7,inconsistent wake time,sleep_symptom,"[""inconsistent wake time""]",Sleep-related symptom relevant to mood and emotion modeling.,seed,,2026-04-10T11:06:57+00:00,2026-04-10T11:06:57+00:00
ent_d461316174019690,late chronotype,sleep_symptom,"[""late chronotype""]",Sleep-related symptom relevant to mood and emotion modeling.,seed,,2026-04-10T11:06:57+00:00,2026-04-10T11:06:57+00:00
ent_cfda9e95143670df,eveningness preference,sleep_symptom,"[""eveningness preference""]",Sleep-related symptom relevant to mood and emotion modeling.,seed,,2026-04-10T11:06:57+00:00,2026-04-10T11:06:57+00:00
ent_c148c0618e971c8b,morningness preference,sleep_symptom,"[""morningness preference""]",Sleep-related symptom relevant to mood and emotion modeling.,seed,,2026-04-10T11:06:57+00:00,2026-04-10T11:06:57+00:00
ent_65af3fe6573e8bb5,nap dependency,sleep_symptom,"[""nap dependency""]",Sleep-related symptom relevant to mood and emotion modeling.,seed,,2026-04-10T11:06:57+00:00,2026-04-10T11:06:57+00:00
ent_e10f51b855b0d8a8,long daytime naps,sleep_symptom,"[""long daytime naps""]",Sleep-related symptom relevant to mood and emotion modeling.,seed,,2026-04-10T11:06:57+00:00,2026-04-10T11:06:57+00:00
ent_9bc102a9a59dcebb,frequent daytime naps,sleep_symptom,"[""frequent daytime naps""]",Sleep-related symptom relevant to mood and emotion modeling.,seed,,2026-04-10T11:06:57+00:00,2026-04-10T11:06:57+00:00
ent_d04196e1e06f246d,unrefreshing naps,sleep_symptom,"[""unrefreshing naps""]",Sleep-related symptom relevant to mood and emotion modeling.,seed,,2026-04-10T11:06:57+00:00,2026-04-10T11:06:57+00:00
ent_46997d9147f62569,micro-sleeps,sleep_symptom,"[""micro-sleeps""]",Sleep-related symptom relevant to mood and emotion modeling.,seed,,2026-04-10T11:06:57+00:00,2026-04-10T11:06:57+00:00
ent_cda53a59004c2914,sleep drunkenness,sleep_symptom,"[""sleep drunkenness""]",Sleep-related symptom relevant to mood and emotion modeling.,seed,,2026-04-10T11:06:57+00:00,2026-04-10T11:06:57+00:00
ent_28d9ef59d77b973d,sleep paralysis,sleep_symptom,"[""sleep paralysis""]",Sleep-related symptom relevant to mood and emotion modeling.,seed,,2026-04-10T11:06:57+00:00,2026-04-10T11:06:57+00:00
ent_a97309c656679c8e,hypnagogic hallucinations,sleep_symptom,"[""hypnagogic hallucinations""]",Sleep-related symptom relevant to mood and emotion modeling.,seed,,2026-04-10T11:06:57+00:00,2026-04-10T11:06:57+00:00
ent_f61a01d4f99c80d0,hypnopompic hallucinations,sleep_symptom,"[""hypnopompic hallucinations""]",Sleep-related symptom relevant to mood and emotion modeling.,seed,,2026-04-10T11:06:57+00:00,2026-04-10T11:06:57+00:00
ent_56a0c6a17369e214,cataplexy-like episodes,sleep_symptom,"[""cataplexy-like episodes""]",Sleep-related symptom relevant to mood and emotion modeling.,seed,,2026-04-10T11:06:57+00:00,2026-04-10T11:06:57+00:00
ent_b20058f91d399fc2,snoring,sleep_symptom,"[""snoring""]",Sleep-related symptom relevant to mood and emotion modeling.,seed,,2026-04-10T11:06:57+00:00,2026-04-10T11:06:57+00:00
ent_acbe07a720cc5c01,witnessed apnea,sleep_symptom,"[""witnessed apnea""]",Sleep-related symptom relevant to mood and emotion modeling.,seed,,2026-04-10T11:06:57+00:00,2026-04-10T11:06:57+00:00
ent_187f0940543fdd0f,sleep-disordered breathing,sleep_symptom,"[""sleep-disordered breathing""]",Sleep-related symptom relevant to mood and emotion modeling.,seed,,2026-04-10T11:06:57+00:00,2026-04-10T11:06:57+00:00
ent_02d178042dc5469a,obstructive sleep apnea symptoms,sleep_symptom,"[""obstructive sleep apnea symptoms""]",Sleep-related symptom relevant to mood and emotion modeling.,seed,,2026-04-10T11:06:57+00:00,2026-04-10T11:06:57+00:00
ent_3a873f24acce4dd6,noisy breathing during sleep,sleep_symptom,"[""noisy breathing during sleep""]",Sleep-related symptom relevant to mood and emotion modeling.,seed,,2026-04-10T11:06:57+00:00,2026-04-10T11:06:57+00:00
ent_531289758de3c89b,mouth breathing during sleep,sleep_symptom,"[""mouth breathing during sleep""]",Sleep-related symptom relevant to mood and emotion modeling.,seed,,2026-04-10T11:06:57+00:00,2026-04-10T11:06:57+00:00
ent_e9f3c65df4b3d12d,dry mouth on waking,sleep_symptom,"[""dry mouth on waking""]",Sleep-related symptom relevant to mood and emotion modeling.,seed,,2026-04-10T11:06:57+00:00,2026-04-10T11:06:57+00:00
ent_b87f15704181effa,morning headache after sleep,sleep_symptom,"[""morning headache after sleep""]",Sleep-related symptom relevant to mood and emotion modeling.,seed,,2026-04-10T11:06:57+00:00,2026-04-10T11:06:57+00:00
ent_58e8c8cdfcb3ab9c,nocturnal choking sensation,sleep_symptom,"[""nocturnal choking sensation""]",Sleep-related symptom relevant to mood and emotion modeling.,seed,,2026-04-10T11:06:57+00:00,2026-04-10T11:06:57+00:00
ent_9c65dce869e34c17,awakening gasping for air,sleep_symptom,"[""awakening gasping for air""]",Sleep-related symptom relevant to mood and emotion modeling.,seed,,2026-04-10T11:06:57+00:00,2026-04-10T11:06:57+00:00
ent_2c145e6811b83540,sleep architecture disruption,sleep_pattern,"[""sleep architecture disruption""]",Sleep pattern entity for longitudinal sleep-emotion analysis.,seed,,2026-04-10T11:06:57+00:00,2026-04-10T11:06:57+00:00
ent_a5f9b761aecbf817,circadian rhythm instability,sleep_pattern,"[""circadian rhythm instability""]",Sleep pattern entity for longitudinal sleep-emotion analysis.,seed,,2026-04-10T11:06:57+00:00,2026-04-10T11:06:57+00:00
ent_470750d9047aba6a,phase delay pattern,sleep_pattern,"[""phase delay pattern""]",Sleep pattern entity for longitudinal sleep-emotion analysis.,seed,,2026-04-10T11:06:57+00:00,2026-04-10T11:06:57+00:00
ent_3d537e862ad6a28c,phase advance pattern,sleep_pattern,"[""phase advance pattern""]",Sleep pattern entity for longitudinal sleep-emotion analysis.,seed,,2026-04-10T11:06:57+00:00,2026-04-10T11:06:57+00:00
ent_2e7c570faa7837a8,bimodal sleep pattern,sleep_pattern,"[""bimodal sleep pattern""]",Sleep pattern entity for longitudinal sleep-emotion analysis.,seed,,2026-04-10T11:06:57+00:00,2026-04-10T11:06:57+00:00
ent_1b1d8bb1c5b82eba,polyphasic sleep pattern,sleep_pattern,"[""polyphasic sleep pattern""]",Sleep pattern entity for longitudinal sleep-emotion analysis.,seed,,2026-04-10T11:06:57+00:00,2026-04-10T11:06:57+00:00
ent_1cd3007e83728b38,monophasic sleep pattern,sleep_pattern,"[""monophasic sleep pattern""]",Sleep pattern entity for longitudinal sleep-emotion analysis.,seed,,2026-04-10T11:06:57+00:00,2026-04-10T11:06:57+00:00
ent_6de5ba125485b892,weekend-weekday sleep discrepancy,sleep_pattern,"[""weekend-weekday sleep discrepancy""]",Sleep pattern entity for longitudinal sleep-emotion analysis.,seed,,2026-04-10T11:06:57+00:00,2026-04-10T11:06:57+00:00
ent_0c808d64d2656bd6,reduced slow-wave sleep,sleep_pattern,"[""reduced slow-wave sleep""]",Sleep pattern entity for longitudinal sleep-emotion analysis.,seed,,2026-04-10T11:06:57+00:00,2026-04-10T11:06:57+00:00
ent_026edd4d86029a2f,enhanced slow-wave sleep,sleep_pattern,"[""enhanced slow-wave sleep""]",Sleep pattern entity for longitudinal sleep-emotion analysis.,seed,,2026-04-10T11:06:57+00:00,2026-04-10T11:06:57+00:00
ent_4c2993b39d4caff0,REM fragmentation,sleep_pattern,"[""REM fragmentation""]",Sleep pattern entity for longitudinal sleep-emotion analysis.,seed,,2026-04-10T11:06:57+00:00,2026-04-10T11:06:57+00:00
ent_d05e79a5ff82026d,NREM fragmentation,sleep_pattern,"[""NREM fragmentation""]",Sleep pattern entity for longitudinal sleep-emotion analysis.,seed,,2026-04-10T11:06:57+00:00,2026-04-10T11:06:57+00:00
ent_3f0fec7ea9791ad1,alpha intrusion during sleep,sleep_pattern,"[""alpha intrusion during sleep""]",Sleep pattern entity for longitudinal sleep-emotion analysis.,seed,,2026-04-10T11:06:57+00:00,2026-04-10T11:06:57+00:00
ent_9194cd4338c13e0b,beta hyperarousal at night,sleep_pattern,"[""beta hyperarousal at night""]",Sleep pattern entity for longitudinal sleep-emotion analysis.,seed,,2026-04-10T11:06:57+00:00,2026-04-10T11:06:57+00:00
ent_ab05bc18a044a310,low sleep spindle density,sleep_pattern,"[""low sleep spindle density""]",Sleep pattern entity for longitudinal sleep-emotion analysis.,seed,,2026-04-10T11:06:57+00:00,2026-04-10T11:06:57+00:00
ent_6bbea73cd0fa49d3,high sleep spindle density,sleep_pattern,"[""high sleep spindle density""]",Sleep pattern entity for longitudinal sleep-emotion analysis.,seed,,2026-04-10T11:06:57+00:00,2026-04-10T11:06:57+00:00
ent_d443fb245abf00ce,reduced K-complex occurrence,sleep_pattern,"[""reduced K-complex occurrence""]",Sleep pattern entity for longitudinal sleep-emotion analysis.,seed,,2026-04-10T11:06:57+00:00,2026-04-10T11:06:57+00:00
ent_178c4ad65bf03ca3,frequent cortical arousals,sleep_pattern,"[""frequent cortical arousals""]",Sleep pattern entity for longitudinal sleep-emotion analysis.,seed,,2026-04-10T11:06:57+00:00,2026-04-10T11:06:57+00:00
ent_3349501695850826,long wake bouts at night,sleep_pattern,"[""long wake bouts at night""]",Sleep pattern entity for longitudinal sleep-emotion analysis.,seed,,2026-04-10T11:06:57+00:00,2026-04-10T11:06:57+00:00
ent_ab0e34d02d0a5d04,short sleep bouts,sleep_pattern,"[""short sleep bouts""]",Sleep pattern entity for longitudinal sleep-emotion analysis.,seed,,2026-04-10T11:06:57+00:00,2026-04-10T11:06:57+00:00
ent_87c09df652826bb9,high sleep variability,sleep_pattern,"[""high sleep variability""]",Sleep pattern entity for longitudinal sleep-emotion analysis.,seed,,2026-04-10T11:06:57+00:00,2026-04-10T11:06:57+00:00
ent_fa6fb0f23433c82c,low sleep regularity,sleep_pattern,"[""low sleep regularity""]",Sleep pattern entity for longitudinal sleep-emotion analysis.,seed,,2026-04-10T11:06:57+00:00,2026-04-10T11:06:57+00:00
ent_081aebd12ae4ee5c,social schedule desynchrony,sleep_pattern,"[""social schedule desynchrony""]",Sleep pattern entity for longitudinal sleep-emotion analysis.,seed,,2026-04-10T11:06:57+00:00,2026-04-10T11:06:57+00:00
ent_3905ec9339be33a9,light exposure at night,sleep_pattern,"[""light exposure at night""]",Sleep pattern entity for longitudinal sleep-emotion analysis.,seed,,2026-04-10T11:06:57+00:00,2026-04-10T11:06:57+00:00
ent_e3aefd1926de2ec7,insufficient morning light,sleep_pattern,"[""insufficient morning light""]",Sleep pattern entity for longitudinal sleep-emotion analysis.,seed,,2026-04-10T11:06:57+00:00,2026-04-10T11:06:57+00:00
ent_4cbf6ffcb0984eb8,screen-related sleep delay,sleep_pattern,"[""screen-related sleep delay""]",Sleep pattern entity for longitudinal sleep-emotion analysis.,seed,,2026-04-10T11:06:57+00:00,2026-04-10T11:06:57+00:00
ent_2a093e57af8841a0,caffeine-related sleep delay,sleep_pattern,"[""caffeine-related sleep delay""]",Sleep pattern entity for longitudinal sleep-emotion analysis.,seed,,2026-04-10T11:06:57+00:00,2026-04-10T11:06:57+00:00
ent_ffe1d5a7f11d0119,alcohol-related sleep disruption,sleep_pattern,"[""alcohol-related sleep disruption""]",Sleep pattern entity for longitudinal sleep-emotion analysis.,seed,,2026-04-10T11:06:57+00:00,2026-04-10T11:06:57+00:00
ent_1fb878a1f254e145,stress-related sleep disruption,sleep_pattern,"[""stress-related sleep disruption""]",Sleep pattern entity for longitudinal sleep-emotion analysis.,seed,,2026-04-10T11:06:57+00:00,2026-04-10T11:06:57+00:00
ent_b0b9c83793de64ca,pain-related sleep disruption,sleep_pattern,"[""pain-related sleep disruption""]",Sleep pattern entity for longitudinal sleep-emotion analysis.,seed,,2026-04-10T11:06:57+00:00,2026-04-10T11:06:57+00:00
ent_c7656d007c494f0d,noise-related sleep disruption,sleep_pattern,"[""noise-related sleep disruption""]",Sleep pattern entity for longitudinal sleep-emotion analysis.,seed,,2026-04-10T11:06:57+00:00,2026-04-10T11:06:57+00:00
ent_00f779b597a01aaa,temperature-related sleep disruption,sleep_pattern,"[""temperature-related sleep disruption""]",Sleep pattern entity for longitudinal sleep-emotion analysis.,seed,,2026-04-10T11:06:57+00:00,2026-04-10T11:06:57+00:00
ent_dd801c3c0b53131a,environmental sleep disturbance,sleep_pattern,"[""environmental sleep disturbance""]",Sleep pattern entity for longitudinal sleep-emotion analysis.,seed,,2026-04-10T11:06:57+00:00,2026-04-10T11:06:57+00:00
ent_ec704e5e62fe9dcf,caregiver sleep interruption,sleep_pattern,"[""caregiver sleep interruption""]",Sleep pattern entity for longitudinal sleep-emotion analysis.,seed,,2026-04-10T11:06:57+00:00,2026-04-10T11:06:57+00:00
ent_ed851e3376f0fc08,postpartum sleep disruption,sleep_pattern,"[""postpartum sleep disruption""]",Sleep pattern entity for longitudinal sleep-emotion analysis.,seed,,2026-04-10T11:06:57+00:00,2026-04-10T11:06:57+00:00
ent_0501da2f13193726,menopause-related sleep disturbance,sleep_pattern,"[""menopause-related sleep disturbance""]",Sleep pattern entity for longitudinal sleep-emotion analysis.,seed,,2026-04-10T11:06:57+00:00,2026-04-10T11:06:57+00:00
ent_95e0cbbe4697cc5e,adolescent delayed phase pattern,sleep_pattern,"[""adolescent delayed phase pattern""]",Sleep pattern entity for longitudinal sleep-emotion analysis.,seed,,2026-04-10T11:06:57+00:00,2026-04-10T11:06:57+00:00
ent_2ed907755c5fc0c5,older-adult early awakening pattern,sleep_pattern,"[""older-adult early awakening pattern""]",Sleep pattern entity for longitudinal sleep-emotion analysis.,seed,,2026-04-10T11:06:57+00:00,2026-04-10T11:06:57+00:00
ent_5f7da33e4ed16ea4,hospital-associated sleep disruption,sleep_pattern,"[""hospital-associated sleep disruption""]",Sleep pattern entity for longitudinal sleep-emotion analysis.,seed,,2026-04-10T11:06:57+00:00,2026-04-10T11:06:57+00:00
ent_d18c63f49cbebdb8,ICU sleep fragmentation,sleep_pattern,"[""ICU sleep fragmentation""]",Sleep pattern entity for longitudinal sleep-emotion analysis.,seed,,2026-04-10T11:06:57+00:00,2026-04-10T11:06:57+00:00
ent_3f44ac4ab6b4496b,travel-related circadian disruption,sleep_pattern,"[""travel-related circadian disruption""]",Sleep pattern entity for longitudinal sleep-emotion analysis.,seed,,2026-04-10T11:06:57+00:00,2026-04-10T11:06:57+00:00
ent_92a11294a8311ec8,exam-period sleep restriction,sleep_pattern,"[""exam-period sleep restriction""]",Sleep pattern entity for longitudinal sleep-emotion analysis.,seed,,2026-04-10T11:06:57+00:00,2026-04-10T11:06:57+00:00
ent_a06b2ee7644fe329,workload-related sleep loss,sleep_pattern,"[""workload-related sleep loss""]",Sleep pattern entity for longitudinal sleep-emotion analysis.,seed,,2026-04-10T11:06:57+00:00,2026-04-10T11:06:57+00:00
ent_a1c3ffff92754c37,ruminative pre-sleep pattern,sleep_pattern,"[""ruminative pre-sleep pattern""]",Sleep pattern entity for longitudinal sleep-emotion analysis.,seed,,2026-04-10T11:06:57+00:00,2026-04-10T11:06:57+00:00
ent_b9cd86b89051f7e5,anxious hypervigilant sleep pattern,sleep_pattern,"[""anxious hypervigilant sleep pattern""]",Sleep pattern entity for longitudinal sleep-emotion analysis.,seed,,2026-04-10T11:06:57+00:00,2026-04-10T11:06:57+00:00
ent_74d60f3245bcc41c,depressive hypersomnia pattern,sleep_pattern,"[""depressive hypersomnia pattern""]",Sleep pattern entity for longitudinal sleep-emotion analysis.,seed,,2026-04-10T11:06:57+00:00,2026-04-10T11:06:57+00:00
ent_c9e31913acfaf8b2,depressive insomnia pattern,sleep_pattern,"[""depressive insomnia pattern""]",Sleep pattern entity for longitudinal sleep-emotion analysis.,seed,,2026-04-10T11:06:57+00:00,2026-04-10T11:06:57+00:00
ent_bbce65aa3581df21,mixed insomnia-hypersomnia pattern,sleep_pattern,"[""mixed insomnia-hypersomnia pattern""]",Sleep pattern entity for longitudinal sleep-emotion analysis.,seed,,2026-04-10T11:06:57+00:00,2026-04-10T11:06:57+00:00
ent_8d99c70e17167ebf,stabilized sleep routine pattern,sleep_pattern,"[""stabilized sleep routine pattern""]",Sleep pattern entity for longitudinal sleep-emotion analysis.,seed,,2026-04-10T11:06:57+00:00,2026-04-10T11:06:57+00:00
ent_74fac922f4f8f5f6,wake stage,sleep_stage,"[""wake stage""]",Sleep stage or transitional stage entity.,seed,,2026-04-10T11:06:57+00:00,2026-04-10T11:06:57+00:00
ent_825af354c0b557db,NREM sleep,sleep_stage,"[""NREM sleep""]",Sleep stage or transitional stage entity.,seed,,2026-04-10T11:06:57+00:00,2026-04-10T11:06:57+00:00
ent_45244f1b355a22b7,stage W,sleep_stage,"[""stage W""]",Sleep stage or transitional stage entity.,seed,,2026-04-10T11:06:57+00:00,2026-04-10T11:06:57+00:00
ent_e7fee27a66044bf4,stage R,sleep_stage,"[""stage R""]",Sleep stage or transitional stage entity.,seed,,2026-04-10T11:06:57+00:00,2026-04-10T11:06:57+00:00
ent_2559fe63d128c0c3,micro-arousal,sleep_stage,"[""micro-arousal""]",Sleep stage or transitional stage entity.,seed,,2026-04-10T11:06:57+00:00,2026-04-10T11:06:57+00:00
ent_7bc5cb514ca5e9ca,sleep cycle transition,sleep_stage,"[""sleep cycle transition""]",Sleep stage or transitional stage entity.,seed,,2026-04-10T11:06:57+00:00,2026-04-10T11:06:57+00:00
ent_f9f986f4f92b15fb,first sleep cycle,sleep_stage,"[""first sleep cycle""]",Sleep stage or transitional stage entity.,seed,,2026-04-10T11:06:57+00:00,2026-04-10T11:06:57+00:00
ent_8d4782b07e2422d7,late-night REM period,sleep_stage,"[""late-night REM period""]",Sleep stage or transitional stage entity.,seed,,2026-04-10T11:06:57+00:00,2026-04-10T11:06:57+00:00
ent_826c8943cccfdfdf,slow-wave rebound,sleep_stage,"[""slow-wave rebound""]",Sleep stage or transitional stage entity.,seed,,2026-04-10T11:06:57+00:00,2026-04-10T11:06:57+00:00
ent_e06865bd04508d0a,REM rebound,sleep_stage,"[""REM rebound""]",Sleep stage or transitional stage entity.,seed,,2026-04-10T11:06:57+00:00,2026-04-10T11:06:57+00:00
ent_e1d002db914edbbf,stage transition instability,sleep_stage,"[""stage transition instability""]",Sleep stage or transitional stage entity.,seed,,2026-04-10T11:06:57+00:00,2026-04-10T11:06:57+00:00
ent_4d6239b78ff34bdb,N1-N2 transition,sleep_stage,"[""N1-N2 transition""]",Sleep stage or transitional stage entity.,seed,,2026-04-10T11:06:57+00:00,2026-04-10T11:06:57+00:00
ent_9c7d9a0c240d82b7,N2-N3 transition,sleep_stage,"[""N2-N3 transition""]",Sleep stage or transitional stage entity.,seed,,2026-04-10T11:06:57+00:00,2026-04-10T11:06:57+00:00
ent_520c65d3d7791b17,NREM-REM transition,sleep_stage,"[""NREM-REM transition""]",Sleep stage or transitional stage entity.,seed,,2026-04-10T11:06:57+00:00,2026-04-10T11:06:57+00:00
ent_b9cde001a1e90a4a,sleep efficiency,biomarker,"[""se"", ""sleep efficiency""]",Sleep physiology biomarker supporting objective emotion-related sleep assessment.,seed,,2026-04-10T11:06:57+00:00,2026-04-10T11:06:57+00:00
ent_b6a7b2973c47b1a4,total sleep time,biomarker,"[""total sleep time"", ""tst""]",Sleep physiology biomarker supporting objective emotion-related sleep assessment.,seed,,2026-04-10T11:06:57+00:00,2026-04-10T11:06:57+00:00
ent_0acb8e46882a6bed,sleep latency,biomarker,"[""sleep latency""]",Sleep physiology biomarker supporting objective emotion-related sleep assessment.,seed,,2026-04-10T11:06:57+00:00,2026-04-10T11:06:57+00:00
ent_661da863b707846f,wake after sleep onset,biomarker,"[""wake after sleep onset"", ""waso""]",Sleep physiology biomarker supporting objective emotion-related sleep assessment.,seed,,2026-04-10T11:06:57+00:00,2026-04-10T11:06:57+00:00
ent_8d9112054bdac924,arousal index,biomarker,"[""arousal index""]",Sleep physiology biomarker supporting objective emotion-related sleep assessment.,seed,,2026-04-10T11:06:57+00:00,2026-04-10T11:06:57+00:00
ent_b36ce974f86f7096,sleep spindle density,biomarker,"[""sleep spindle density""]",Sleep physiology biomarker supporting objective emotion-related sleep assessment.,seed,,2026-04-10T11:06:57+00:00,2026-04-10T11:06:57+00:00
ent_855d162a56608783,K-complex density,biomarker,"[""K-complex density""]",Sleep physiology biomarker supporting objective emotion-related sleep assessment.,seed,,2026-04-10T11:06:57+00:00,2026-04-10T11:06:57+00:00
ent_ca186358c0fc4551,delta power during sleep,biomarker,"[""delta power during sleep""]",Sleep physiology biomarker supporting objective emotion-related sleep assessment.,seed,,2026-04-10T11:06:57+00:00,2026-04-10T11:06:57+00:00
ent_9f06c1c618606139,theta power during sleep,biomarker,"[""theta power during sleep""]",Sleep physiology biomarker supporting objective emotion-related sleep assessment.,seed,,2026-04-10T11:06:57+00:00,2026-04-10T11:06:57+00:00
ent_0180fa9ae198f6ef,alpha power during sleep,biomarker,"[""alpha power during sleep""]",Sleep physiology biomarker supporting objective emotion-related sleep assessment.,seed,,2026-04-10T11:06:57+00:00,2026-04-10T11:06:57+00:00
ent_691577fbfa9f368c,beta power during sleep,biomarker,"[""beta power during sleep""]",Sleep physiology biomarker supporting objective emotion-related sleep assessment.,seed,,2026-04-10T11:06:57+00:00,2026-04-10T11:06:57+00:00
ent_a91a35a26da991b3,REM density,biomarker,"[""REM density""]",Sleep physiology biomarker supporting objective emotion-related sleep assessment.,seed,,2026-04-10T11:06:57+00:00,2026-04-10T11:06:57+00:00
ent_f5acf9adb1501e5b,REM latency,biomarker,"[""REM latency""]",Sleep physiology biomarker supporting objective emotion-related sleep assessment.,seed,,2026-04-10T11:06:57+00:00,2026-04-10T11:06:57+00:00
ent_e0df6a4280a381ef,N3 proportion,biomarker,"[""N3 proportion""]",Sleep physiology biomarker supporting objective emotion-related sleep assessment.,seed,,2026-04-10T11:06:57+00:00,2026-04-10T11:06:57+00:00
ent_146366df26ea13c8,N2 proportion,biomarker,"[""N2 proportion""]",Sleep physiology biomarker supporting objective emotion-related sleep assessment.,seed,,2026-04-10T11:06:57+00:00,2026-04-10T11:06:57+00:00
ent_3b322a481186ecf9,N1 proportion,biomarker,"[""N1 proportion""]",Sleep physiology biomarker supporting objective emotion-related sleep assessment.,seed,,2026-04-10T11:06:57+00:00,2026-04-10T11:06:57+00:00
ent_f4d3baaaf1982fbc,heart rate variability during sleep,biomarker,"[""heart rate variability during sleep""]",Sleep physiology biomarker supporting objective emotion-related sleep assessment.,seed,,2026-04-10T11:06:57+00:00,2026-04-10T11:06:57+00:00
ent_25eff632b4cc6fe2,nocturnal cortisol level,biomarker,"[""nocturnal cortisol level""]",Sleep physiology biomarker supporting objective emotion-related sleep assessment.,seed,,2026-04-10T11:06:57+00:00,2026-04-10T11:06:57+00:00
ent_a3cb4fcf6fad4ef8,dim light melatonin onset,biomarker,"[""dim light melatonin onset"", ""dlmo""]",Sleep physiology biomarker supporting objective emotion-related sleep assessment.,seed,,2026-04-10T11:06:57+00:00,2026-04-10T11:06:57+00:00
ent_ac462158c200406b,actigraphy-derived sleep regularity,biomarker,"[""actigraphy-derived sleep regularity""]",Sleep physiology biomarker supporting objective emotion-related sleep assessment.,seed,,2026-04-10T11:06:57+00:00,2026-04-10T11:06:57+00:00
ent_c986c6f3534905eb,polysomnography index,biomarker,"[""polysomnography index""]",Sleep physiology biomarker supporting objective emotion-related sleep assessment.,seed,,2026-04-10T11:06:57+00:00,2026-04-10T11:06:57+00:00
ent_9f4939648784fae9,joy,emotion,"[""joy""]",Emotion-related entity for affective recognition and depression KG expansion.,seed,,2026-04-10T11:06:57+00:00,2026-04-10T11:06:57+00:00
ent_7747c9c145c6e67a,happiness,emotion,"[""happiness""]",Emotion-related entity for affective recognition and depression KG expansion.,seed,,2026-04-10T11:06:57+00:00,2026-04-10T11:06:57+00:00
ent_7aa5bd4d3bb4fca3,cheerfulness,emotion,"[""cheerfulness""]",Emotion-related entity for affective recognition and depression KG expansion.,seed,,2026-04-10T11:06:57+00:00,2026-04-10T11:06:57+00:00
ent_28a3ebe8125211ac,contentment,emotion,"[""contentment""]",Emotion-related entity for affective recognition and depression KG expansion.,seed,,2026-04-10T11:06:57+00:00,2026-04-10T11:06:57+00:00
ent_8dd0a18747c4436e,satisfaction,emotion,"[""satisfaction""]",Emotion-related entity for affective recognition and depression KG expansion.,seed,,2026-04-10T11:06:57+00:00,2026-04-10T11:06:57+00:00
ent_cb18d9c08168c784,relief,emotion,"[""relief""]",Emotion-related entity for affective recognition and depression KG expansion.,seed,,2026-04-10T11:06:57+00:00,2026-04-10T11:06:57+00:00
ent_423727bcef052f3d,gratitude,emotion,"[""gratitude""]",Emotion-related entity for affective recognition and depression KG expansion.,seed,,2026-04-10T11:06:57+00:00,2026-04-10T11:06:57+00:00
ent_7f2cd8b9cfde4b62,hope,emotion,"[""hope""]",Emotion-related entity for affective recognition and depression KG expansion.,seed,,2026-04-10T11:06:57+00:00,2026-04-10T11:06:57+00:00
ent_ba397d9948dd9ecd,optimism,emotion,"[""optimism""]",Emotion-related entity for affective recognition and depression KG expansion.,seed,,2026-04-10T11:06:57+00:00,2026-04-10T11:06:57+00:00
ent_80f9b5ad97f83dd0,pride,emotion,"[""pride""]",Emotion-related entity for affective recognition and depression KG expansion.,seed,,2026-04-10T11:06:57+00:00,2026-04-10T11:06:57+00:00
ent_d60defb94595ab04,amusement,emotion,"[""amusement""]",Emotion-related entity for affective recognition and depression KG expansion.,seed,,2026-04-10T11:06:57+00:00,2026-04-10T11:06:57+00:00
ent_2b86188d05498211,awe,emotion,"[""awe""]",Emotion-related entity for affective recognition and depression KG expansion.,seed,,2026-04-10T11:06:57+00:00,2026-04-10T11:06:57+00:00
ent_2547f9f5569eb2a4,interest,emotion,"[""interest""]",Emotion-related entity for affective recognition and depression KG expansion.,seed,,2026-04-10T11:06:57+00:00,2026-04-10T11:06:57+00:00
ent_2c27521f953099e6,curiosity,emotion,"[""curiosity""]",Emotion-related entity for affective recognition and depression KG expansion.,seed,,2026-04-10T11:06:57+00:00,2026-04-10T11:06:57+00:00
ent_d5a79b77339a7594,calmness,emotion,"[""calmness""]",Emotion-related entity for affective recognition and depression KG expansion.,seed,,2026-04-10T11:06:57+00:00,2026-04-10T11:06:57+00:00
ent_c70d3861f176902e,serenity,emotion,"[""serenity""]",Emotion-related entity for affective recognition and depression KG expansion.,seed,,2026-04-10T11:06:57+00:00,2026-04-10T11:06:57+00:00
ent_7bd881e8f27eb781,tranquility,emotion,"[""tranquility""]",Emotion-related entity for affective recognition and depression KG expansion.,seed,,2026-04-10T11:06:57+00:00,2026-04-10T11:06:57+00:00
ent_43fd6d4a3e289889,compassion,emotion,"[""compassion""]",Emotion-related entity for affective recognition and depression KG expansion.,seed,,2026-04-10T11:06:57+00:00,2026-04-10T11:06:57+00:00
ent_d41c20abc12ce5ee,love,emotion,"[""love""]",Emotion-related entity for affective recognition and depression KG expansion.,seed,,2026-04-10T11:06:57+00:00,2026-04-10T11:06:57+00:00
ent_a80510d19d3bb173,affection,emotion,"[""affection""]",Emotion-related entity for affective recognition and depression KG expansion.,seed,,2026-04-10T11:06:57+00:00,2026-04-10T11:06:57+00:00
ent_8e1963a43e1eade9,warmth,emotion,"[""warmth""]",Emotion-related entity for affective recognition and depression KG expansion.,seed,,2026-04-10T11:06:57+00:00,2026-04-10T11:06:57+00:00
ent_cfe4a33ed14fd5d5,trust,emotion,"[""trust""]",Emotion-related entity for affective recognition and depression KG expansion.,seed,,2026-04-10T11:06:57+00:00,2026-04-10T11:06:57+00:00
ent_83eb6ef7367a927d,confidence,emotion,"[""confidence""]",Emotion-related entity for affective recognition and depression KG expansion.,seed,,2026-04-10T11:06:57+00:00,2026-04-10T11:06:57+00:00
ent_f286c7057e0a8605,self-confidence,emotion,"[""self-confidence""]",Emotion-related entity for affective recognition and depression KG expansion.,seed,,2026-04-10T11:06:57+00:00,2026-04-10T11:06:57+00:00
ent_a72b01afbb87c8aa,enthusiasm,emotion,"[""enthusiasm""]",Emotion-related entity for affective recognition and depression KG expansion.,seed,,2026-04-10T11:06:57+00:00,2026-04-10T11:06:57+00:00
ent_cdd52878732cec94,excitement,emotion,"[""excitement""]",Emotion-related entity for affective recognition and depression KG expansion.,seed,,2026-04-10T11:06:57+00:00,2026-04-10T11:06:57+00:00
ent_5a6024d21caa5a97,anticipation,emotion,"[""anticipation""]",Emotion-related entity for affective recognition and depression KG expansion.,seed,,2026-04-10T11:06:57+00:00,2026-04-10T11:06:57+00:00
ent_984dc7f99750fb0b,motivation,emotion,"[""motivation""]",Emotion-related entity for affective recognition and depression KG expansion.,seed,,2026-04-10T11:06:57+00:00,2026-04-10T11:06:57+00:00
ent_28fd6bff5662892b,vitality,emotion,"[""vitality""]",Emotion-related entity for affective recognition and depression KG expansion.,seed,,2026-04-10T11:06:57+00:00,2026-04-10T11:06:57+00:00
ent_6935d5f9b2fb6558,emotional stability,emotion,"[""emotional stability""]",Emotion-related entity for affective recognition and depression KG expansion.,seed,,2026-04-10T11:06:57+00:00,2026-04-10T11:06:57+00:00
ent_a4f1a1019567156b,depressed mood,emotion,"[""depressed mood""]",Emotion-related entity for affective recognition and depression KG expansion.,seed,,2026-04-10T11:06:57+00:00,2026-04-10T11:06:57+00:00
ent_ad4695901e72afdd,dysphoria,emotion,"[""dysphoria""]",Emotion-related entity for affective recognition and depression KG expansion.,seed,,2026-04-10T11:06:57+00:00,2026-04-10T11:06:57+00:00
ent_621daf0c1e88c26e,melancholy,emotion,"[""melancholy""]",Emotion-related entity for affective recognition and depression KG expansion.,seed,,2026-04-10T11:06:57+00:00,2026-04-10T11:06:57+00:00
ent_ea47b13c440fecbd,grief,emotion,"[""grief""]",Emotion-related entity for affective recognition and depression KG expansion.,seed,,2026-04-10T11:06:57+00:00,2026-04-10T11:06:57+00:00
ent_0ef66bb1482968ff,emptiness,emotion,"[""emptiness""]",Emotion-related entity for affective recognition and depression KG expansion.,seed,,2026-04-10T11:06:57+00:00,2026-04-10T11:06:57+00:00
ent_57d295d6d4ee382b,emotional numbness,emotion,"[""emotional numbness""]",Emotion-related entity for affective recognition and depression KG expansion.,seed,,2026-04-10T11:06:57+00:00,2026-04-10T11:06:57+00:00
ent_3cdb9c706d83c19b,anxiety,emotion,"[""anxiety""]",Emotion-related entity for affective recognition and depression KG expansion.,seed,,2026-04-10T11:06:57+00:00,2026-04-10T11:06:57+00:00
ent_9d54260330acdc44,worry,emotion,"[""worry""]",Emotion-related entity for affective recognition and depression KG expansion.,seed,,2026-04-10T11:06:57+00:00,2026-04-10T11:06:57+00:00
ent_2cf303d632131b1f,apprehension,emotion,"[""apprehension""]",Emotion-related entity for affective recognition and depression KG expansion.,seed,,2026-04-10T11:06:57+00:00,2026-04-10T11:06:57+00:00
ent_8876d85b85553911,fear,emotion,"[""fear""]",Emotion-related entity for affective recognition and depression KG expansion.,seed,,2026-04-10T11:06:57+00:00,2026-04-10T11:06:57+00:00
ent_c90ae032a38eae00,panic,emotion,"[""panic""]",Emotion-related entity for affective recognition and depression KG expansion.,seed,,2026-04-10T11:06:57+00:00,2026-04-10T11:06:57+00:00
ent_8d5f6c95675abd0d,nervousness,emotion,"[""nervousness""]",Emotion-related entity for affective recognition and depression KG expansion.,seed,,2026-04-10T11:06:57+00:00,2026-04-10T11:06:57+00:00
ent_c440ee0e1556d7f4,tension,emotion,"[""tension""]",Emotion-related entity for affective recognition and depression KG expansion.,seed,,2026-04-10T11:06:57+00:00,2026-04-10T11:06:57+00:00
ent_ee2d50e9cdb68b4b,irritability,emotion,"[""irritability""]",Emotion-related entity for affective recognition and depression KG expansion.,seed,,2026-04-10T11:06:57+00:00,2026-04-10T11:06:57+00:00
ent_d0fd45739678a45b,anger,emotion,"[""anger""]",Emotion-related entity for affective recognition and depression KG expansion.,seed,,2026-04-10T11:06:57+00:00,2026-04-10T11:06:57+00:00
ent_11fffb9fcc435091,frustration,emotion,"[""frustration""]",Emotion-related entity for affective recognition and depression KG expansion.,seed,,2026-04-10T11:06:57+00:00,2026-04-10T11:06:57+00:00
ent_5f4639b3277a568d,hostility,emotion,"[""hostility""]",Emotion-related entity for affective recognition and depression KG expansion.,seed,,2026-04-10T11:06:57+00:00,2026-04-10T11:06:57+00:00
ent_f4077b3c6b8b45cb,resentment,emotion,"[""resentment""]",Emotion-related entity for affective recognition and depression KG expansion.,seed,,2026-04-10T11:06:57+00:00,2026-04-10T11:06:57+00:00
ent_1e3dd30ad2ef6e80,rage,emotion,"[""rage""]",Emotion-related entity for affective recognition and depression KG expansion.,seed,,2026-04-10T11:06:57+00:00,2026-04-10T11:06:57+00:00
ent_5188928bde44770b,shame,emotion,"[""shame""]",Emotion-related entity for affective recognition and depression KG expansion.,seed,,2026-04-10T11:06:57+00:00,2026-04-10T11:06:57+00:00
ent_157fd6a045eda078,self-blame,emotion,"[""self-blame""]",Emotion-related entity for affective recognition and depression KG expansion.,seed,,2026-04-10T11:06:57+00:00,2026-04-10T11:06:57+00:00
ent_9334cc89f1c33e94,embarrassment,emotion,"[""embarrassment""]",Emotion-related entity for affective recognition and depression KG expansion.,seed,,2026-04-10T11:06:57+00:00,2026-04-10T11:06:57+00:00
ent_304c177e94849b3a,worthlessness,emotion,"[""worthlessness""]",Emotion-related entity for affective recognition and depression KG expansion.,seed,,2026-04-10T11:06:57+00:00,2026-04-10T11:06:57+00:00
ent_80983c144f76473e,helplessness,emotion,"[""helplessness""]",Emotion-related entity for affective recognition and depression KG expansion.,seed,,2026-04-10T11:06:57+00:00,2026-04-10T11:06:57+00:00
ent_c3160a6a6f9af5db,social pain,emotion,"[""social pain""]",Emotion-related entity for affective recognition and depression KG expansion.,seed,,2026-04-10T11:06:57+00:00,2026-04-10T11:06:57+00:00
ent_cc649062177a7723,jealousy,emotion,"[""jealousy""]",Emotion-related entity for affective recognition and depression KG expansion.,seed,,2026-04-10T11:06:57+00:00,2026-04-10T11:06:57+00:00
ent_c45a23b2380d9451,envy,emotion,"[""envy""]",Emotion-related entity for affective recognition and depression KG expansion.,seed,,2026-04-10T11:06:57+00:00,2026-04-10T11:06:57+00:00
ent_373da4349803832f,disappointment,emotion,"[""disappointment""]",Emotion-related entity for affective recognition and depression KG expansion.,seed,,2026-04-10T11:06:57+00:00,2026-04-10T11:06:57+00:00
ent_c979053685b4f5b9,regret,emotion,"[""regret""]",Emotion-related entity for affective recognition and depression KG expansion.,seed,,2026-04-10T11:06:57+00:00,2026-04-10T11:06:57+00:00
ent_2f1fde659abe90e2,bitterness,emotion,"[""bitterness""]",Emotion-related entity for affective recognition and depression KG expansion.,seed,,2026-04-10T11:06:57+00:00,2026-04-10T11:06:57+00:00
ent_cf219381fe900193,despair,emotion,"[""despair""]",Emotion-related entity for affective recognition and depression KG expansion.,seed,,2026-04-10T11:06:57+00:00,2026-04-10T11:06:57+00:00
ent_e3cae8a9b31cc682,apathy,emotion,"[""apathy""]",Emotion-related entity for affective recognition and depression KG expansion.,seed,,2026-04-10T11:06:57+00:00,2026-04-10T11:06:57+00:00
ent_1198be69c6a1c6db,amotivation,emotion,"[""amotivation""]",Emotion-related entity for affective recognition and depression KG expansion.,seed,,2026-04-10T11:06:57+00:00,2026-04-10T11:06:57+00:00
ent_67c4de75e5a5f404,emotional blunting,emotion,"[""emotional blunting""]",Emotion-related entity for affective recognition and depression KG expansion.,seed,,2026-04-10T11:06:57+00:00,2026-04-10T11:06:57+00:00
ent_5d4c8937ebfe4f23,alexithymia,emotion,"[""alexithymia""]",Emotion-related entity for affective recognition and depression KG expansion.,seed,,2026-04-10T11:06:57+00:00,2026-04-10T11:06:57+00:00
ent_6cb8ef1daae6053f,emotional lability,emotion,"[""emotional lability""]",Emotion-related entity for affective recognition and depression KG expansion.,seed,,2026-04-10T11:06:57+00:00,2026-04-10T11:06:57+00:00
ent_27293149938ced9a,mood swings,emotion,"[""mood swings""]",Emotion-related entity for affective recognition and depression KG expansion.,seed,,2026-04-10T11:06:57+00:00,2026-04-10T11:06:57+00:00
ent_c09cb815870042f8,affective instability,emotion,"[""affective instability""]",Emotion-related entity for affective recognition and depression KG expansion.,seed,,2026-04-10T11:06:57+00:00,2026-04-10T11:06:57+00:00
ent_ccc267ca7ce60801,tearfulness,emotion,"[""tearfulness""]",Emotion-related entity for affective recognition and depression KG expansion.,seed,,2026-04-10T11:06:57+00:00,2026-04-10T11:06:57+00:00
ent_b9d336b8bb15bb9f,emotional reactivity,emotion,"[""emotional reactivity""]",Emotion-related entity for affective recognition and depression KG expansion.,seed,,2026-04-10T11:06:57+00:00,2026-04-10T11:06:57+00:00
ent_7b45ec3677df7f1e,emotional sensitivity,emotion,"[""emotional sensitivity""]",Emotion-related entity for affective recognition and depression KG expansion.,seed,,2026-04-10T11:06:57+00:00,2026-04-10T11:06:57+00:00
ent_582f9013f10f688c,rejection sensitivity,emotion,"[""rejection sensitivity""]",Emotion-related entity for affective recognition and depression KG expansion.,seed,,2026-04-10T11:06:57+00:00,2026-04-10T11:06:57+00:00
ent_e112220a6d85345b,rumination,emotion,"[""rumination""]",Emotion-related entity for affective recognition and depression KG expansion.,seed,,2026-04-10T11:06:57+00:00,2026-04-10T11:06:57+00:00
ent_8ffce05436d7319d,catastrophizing,emotion,"[""catastrophizing""]",Emotion-related entity for affective recognition and depression KG expansion.,seed,,2026-04-10T11:06:57+00:00,2026-04-10T11:06:57+00:00
ent_2bd3dae3d0244f86,self-criticism,emotion,"[""self-criticism""]",Emotion-related entity for affective recognition and depression KG expansion.,seed,,2026-04-10T11:06:57+00:00,2026-04-10T11:06:57+00:00
ent_da07123aaf38e602,self-compassion,emotion,"[""self-compassion""]",Emotion-related entity for affective recognition and depression KG expansion.,seed,,2026-04-10T11:06:57+00:00,2026-04-10T11:06:57+00:00
ent_2cc5a28ee1b87689,emotional avoidance,emotion,"[""emotional avoidance""]",Emotion-related entity for affective recognition and depression KG expansion.,seed,,2026-04-10T11:06:57+00:00,2026-04-10T11:06:57+00:00
ent_a5c3245fb4d4c4c7,suppressed anger,emotion,"[""suppressed anger""]",Emotion-related entity for affective recognition and depression KG expansion.,seed,,2026-04-10T11:06:57+00:00,2026-04-10T11:06:57+00:00
ent_c72d69343660e07b,suppressed sadness,emotion,"[""suppressed sadness""]",Emotion-related entity for affective recognition and depression KG expansion.,seed,,2026-04-10T11:06:57+00:00,2026-04-10T11:06:57+00:00
ent_801324a14f15adfc,suppressed anxiety,emotion,"[""suppressed anxiety""]",Emotion-related entity for affective recognition and depression KG expansion.,seed,,2026-04-10T11:06:57+00:00,2026-04-10T11:06:57+00:00
ent_6d2747a996c92aea,social anxiety,emotion,"[""social anxiety""]",Emotion-related entity for affective recognition and depression KG expansion.,seed,,2026-04-10T11:06:57+00:00,2026-04-10T11:06:57+00:00
ent_c1ca705b5fad080c,performance anxiety,emotion,"[""performance anxiety""]",Emotion-related entity for affective recognition and depression KG expansion.,seed,,2026-04-10T11:06:57+00:00,2026-04-10T11:06:57+00:00
ent_ba11ce682aa8d09b,health anxiety,emotion,"[""health anxiety""]",Emotion-related entity for affective recognition and depression KG expansion.,seed,,2026-04-10T11:06:57+00:00,2026-04-10T11:06:57+00:00
ent_13d7e4754708bb7b,separation anxiety,emotion,"[""separation anxiety""]",Emotion-related entity for affective recognition and depression KG expansion.,seed,,2026-04-10T11:06:57+00:00,2026-04-10T11:06:57+00:00
ent_31facb196bd560bd,anticipatory anxiety,emotion,"[""anticipatory anxiety""]",Emotion-related entity for affective recognition and depression KG expansion.,seed,,2026-04-10T11:06:57+00:00,2026-04-10T11:06:57+00:00
ent_b47a84a2a7e5262f,state anxiety,emotion,"[""state anxiety""]",Emotion-related entity for affective recognition and depression KG expansion.,seed,,2026-04-10T11:06:57+00:00,2026-04-10T11:06:57+00:00
ent_b96c81d478568a93,trait anxiety,emotion,"[""trait anxiety""]",Emotion-related entity for affective recognition and depression KG expansion.,seed,,2026-04-10T11:06:57+00:00,2026-04-10T11:06:57+00:00
ent_491e02f34fe80262,state anger,emotion,"[""state anger""]",Emotion-related entity for affective recognition and depression KG expansion.,seed,,2026-04-10T11:06:57+00:00,2026-04-10T11:06:57+00:00
ent_8b6ffb0c8c7729bd,trait anger,emotion,"[""trait anger""]",Emotion-related entity for affective recognition and depression KG expansion.,seed,,2026-04-10T11:06:57+00:00,2026-04-10T11:06:57+00:00
ent_26066693ed56f602,persistent sadness,emotion,"[""persistent sadness""]",Emotion-related entity for affective recognition and depression KG expansion.,seed,,2026-04-10T11:06:57+00:00,2026-04-10T11:06:57+00:00
ent_2fc22025ba3f097b,mixed affective state,emotion,"[""mixed affective state""]",Emotion-related entity for affective recognition and depression KG expansion.,seed,,2026-04-10T11:06:57+00:00,2026-04-10T11:06:57+00:00
ent_08e452ac572f2685,blunted positive affect,emotion,"[""blunted positive affect""]",Emotion-related entity for affective recognition and depression KG expansion.,seed,,2026-04-10T11:06:57+00:00,2026-04-10T11:06:57+00:00
ent_b1a27893b2220a8e,low positive affect,emotion,"[""low positive affect""]",Emotion-related entity for affective recognition and depression KG expansion.,seed,,2026-04-10T11:06:57+00:00,2026-04-10T11:06:57+00:00
ent_b9a597a396baf202,high negative affect,emotion,"[""high negative affect""]",Emotion-related entity for affective recognition and depression KG expansion.,seed,,2026-04-10T11:06:57+00:00,2026-04-10T11:06:57+00:00
ent_b4db8a8f8f5558f6,emotional exhaustion,emotion,"[""emotional exhaustion""]",Emotion-related entity for affective recognition and depression KG expansion.,seed,,2026-04-10T11:06:57+00:00,2026-04-10T11:06:57+00:00
ent_ab6b1dae4255ee5e,burnout-related affect,emotion,"[""burnout-related affect""]",Emotion-related entity for affective recognition and depression KG expansion.,seed,,2026-04-10T11:06:57+00:00,2026-04-10T11:06:57+00:00
ent_17b6f00bdf05b4a4,demoralization,emotion,"[""demoralization""]",Emotion-related entity for affective recognition and depression KG expansion.,seed,,2026-04-10T11:06:57+00:00,2026-04-10T11:06:57+00:00
ent_f0a12b34ffb296f3,discouragement,emotion,"[""discouragement""]",Emotion-related entity for affective recognition and depression KG expansion.,seed,,2026-04-10T11:06:57+00:00,2026-04-10T11:06:57+00:00
ent_1ccd4eb4dcc556bd,emotional detachment,emotion,"[""emotional detachment""]",Emotion-related entity for affective recognition and depression KG expansion.,seed,,2026-04-10T11:06:57+00:00,2026-04-10T11:06:57+00:00
ent_f502d400bdc61b5d,emotional overwhelm,emotion,"[""emotional overwhelm""]",Emotion-related entity for affective recognition and depression KG expansion.,seed,,2026-04-10T11:06:57+00:00,2026-04-10T11:06:57+00:00
ent_e7f5c6437801323b,emotional pain,emotion,"[""emotional pain""]",Emotion-related entity for affective recognition and depression KG expansion.,seed,,2026-04-10T11:06:57+00:00,2026-04-10T11:06:57+00:00
ent_cf665b647de00edc,psychological distress,emotion,"[""psychological distress""]",Emotion-related entity for affective recognition and depression KG expansion.,seed,,2026-04-10T11:06:57+00:00,2026-04-10T11:06:57+00:00
ent_a0470b6109607308,inner tension,emotion,"[""inner tension""]",Emotion-related entity for affective recognition and depression KG expansion.,seed,,2026-04-10T11:06:57+00:00,2026-04-10T11:06:57+00:00
ent_e0f8e9fb9abe0a90,restlessness,emotion,"[""restlessness""]",Emotion-related entity for affective recognition and depression KG expansion.,seed,,2026-04-10T11:06:57+00:00,2026-04-10T11:06:57+00:00
ent_92330c48e1dcee69,agitation,emotion,"[""agitation""]",Emotion-related entity for affective recognition and depression KG expansion.,seed,,2026-04-10T11:06:57+00:00,2026-04-10T11:06:57+00:00
ent_eb2a229467bb0c4d,psychomotor agitation affect,emotion,"[""psychomotor agitation affect""]",Emotion-related entity for affective recognition and depression KG expansion.,seed,,2026-04-10T11:06:57+00:00,2026-04-10T11:06:57+00:00
ent_b9c11f87dc61202b,psychomotor retardation affect,emotion,"[""psychomotor retardation affect""]",Emotion-related entity for affective recognition and depression KG expansion.,seed,,2026-04-10T11:06:57+00:00,2026-04-10T11:06:57+00:00
ent_b917edc334f953dc,fear of failure,emotion,"[""fear of failure""]",Emotion-related entity for affective recognition and depression KG expansion.,seed,,2026-04-10T11:06:57+00:00,2026-04-10T11:06:57+00:00
ent_5a33a97820bea1a5,fear of rejection,emotion,"[""fear of rejection""]",Emotion-related entity for affective recognition and depression KG expansion.,seed,,2026-04-10T11:06:57+00:00,2026-04-10T11:06:57+00:00
ent_1309cd6e148ef3e4,fear of judgment,emotion,"[""fear of judgment""]",Emotion-related entity for affective recognition and depression KG expansion.,seed,,2026-04-10T11:06:57+00:00,2026-04-10T11:06:57+00:00
ent_650de42ecaf15326,interpersonal insecurity,emotion,"[""interpersonal insecurity""]",Emotion-related entity for affective recognition and depression KG expansion.,seed,,2026-04-10T11:06:57+00:00,2026-04-10T11:06:57+00:00
ent_17b8f6e855a601c3,attachment anxiety,emotion,"[""attachment anxiety""]",Emotion-related entity for affective recognition and depression KG expansion.,seed,,2026-04-10T11:06:57+00:00,2026-04-10T11:06:57+00:00
ent_2916af2a2cb4b04b,attachment avoidance,emotion,"[""attachment avoidance""]",Emotion-related entity for affective recognition and depression KG expansion.,seed,,2026-04-10T11:06:57+00:00,2026-04-10T11:06:57+00:00
ent_cf04423013376268,positive affect,affect_dimension,"[""positive affect""]",Affect dimension for structured emotion representation.,seed,,2026-04-10T11:06:57+00:00,2026-04-10T11:06:57+00:00
ent_1a2c00134f9f0033,negative affect,affect_dimension,"[""negative affect""]",Affect dimension for structured emotion representation.,seed,,2026-04-10T11:06:57+00:00,2026-04-10T11:06:57+00:00
ent_12cef8df795ac564,valence,affect_dimension,"[""valence""]",Affect dimension for structured emotion representation.,seed,,2026-04-10T11:06:57+00:00,2026-04-10T11:06:57+00:00
ent_c4a2bffef545d659,arousal,affect_dimension,"[""arousal""]",Affect dimension for structured emotion representation.,seed,,2026-04-10T11:06:57+00:00,2026-04-10T11:06:57+00:00
ent_7c49e276477b3a7b,dominance,affect_dimension,"[""dominance""]",Affect dimension for structured emotion representation.,seed,,2026-04-10T11:06:57+00:00,2026-04-10T11:06:57+00:00
ent_5a8e878801b1da5c,emotional intensity,affect_dimension,"[""emotional intensity""]",Affect dimension for structured emotion representation.,seed,,2026-04-10T11:06:57+00:00,2026-04-10T11:06:57+00:00
ent_03fd0bf35b70755f,emotion granularity,affect_dimension,"[""emotion granularity""]",Affect dimension for structured emotion representation.,seed,,2026-04-10T11:06:57+00:00,2026-04-10T11:06:57+00:00
ent_9805f3a5b43a8d87,affect variability,affect_dimension,"[""affect variability""]",Affect dimension for structured emotion representation.,seed,,2026-04-10T11:06:57+00:00,2026-04-10T11:06:57+00:00
ent_9e3a25de455223bf,affect inertia,affect_dimension,"[""affect inertia""]",Affect dimension for structured emotion representation.,seed,,2026-04-10T11:06:57+00:00,2026-04-10T11:06:57+00:00
ent_07cbdd4f0a6090aa,mood congruence,affect_dimension,"[""mood congruence""]",Affect dimension for structured emotion representation.,seed,,2026-04-10T11:06:57+00:00,2026-04-10T11:06:57+00:00
ent_81f4373cbba81c5b,emotional clarity,affect_dimension,"[""emotional clarity""]",Affect dimension for structured emotion representation.,seed,,2026-04-10T11:06:57+00:00,2026-04-10T11:06:57+00:00
ent_0382b01a31f55d3d,emotional awareness,affect_dimension,"[""emotional awareness""]",Affect dimension for structured emotion representation.,seed,,2026-04-10T11:06:57+00:00,2026-04-10T11:06:57+00:00
ent_7febffe56e7faee2,emotional coherence,affect_dimension,"[""emotional coherence""]",Affect dimension for structured emotion representation.,seed,,2026-04-10T11:06:57+00:00,2026-04-10T11:06:57+00:00
ent_260f4c579f624132,affective chronometry,affect_dimension,"[""affective chronometry""]",Affect dimension for structured emotion representation.,seed,,2026-04-10T11:06:57+00:00,2026-04-10T11:06:57+00:00
ent_3f61f4662552fb72,stress reactivity,affect_dimension,"[""stress reactivity""]",Affect dimension for structured emotion representation.,seed,,2026-04-10T11:06:57+00:00,2026-04-10T11:06:57+00:00
ent_bb64c4918846af3f,reward sensitivity,affect_dimension,"[""reward sensitivity""]",Affect dimension for structured emotion representation.,seed,,2026-04-10T11:06:57+00:00,2026-04-10T11:06:57+00:00
ent_c839f010252a3aed,punishment sensitivity,affect_dimension,"[""punishment sensitivity""]",Affect dimension for structured emotion representation.,seed,,2026-04-10T11:06:57+00:00,2026-04-10T11:06:57+00:00
ent_e67ef4bb166cef93,threat sensitivity,affect_dimension,"[""threat sensitivity""]",Affect dimension for structured emotion representation.,seed,,2026-04-10T11:06:57+00:00,2026-04-10T11:06:57+00:00
ent_998f388c945afa85,social reward sensitivity,affect_dimension,"[""social reward sensitivity""]",Affect dimension for structured emotion representation.,seed,,2026-04-10T11:06:57+00:00,2026-04-10T11:06:57+00:00
ent_acbca396b25ab912,emotion differentiation,affect_dimension,"[""emotion differentiation""]",Affect dimension for structured emotion representation.,seed,,2026-04-10T11:06:57+00:00,2026-04-10T11:06:57+00:00
ent_49f8cde2f2b99f44,cognitive reappraisal,emotion_regulation,"[""cognitive reappraisal"", ""reappraisal""]",Emotion regulation strategy entity.,seed,,2026-04-10T11:06:57+00:00,2026-04-10T11:06:57+00:00
ent_1bb2a2c9a03d36a8,expressive suppression,emotion_regulation,"[""expressive suppression"", ""suppression strategy""]",Emotion regulation strategy entity.,seed,,2026-04-10T11:06:57+00:00,2026-04-10T11:06:57+00:00
ent_7e4e98ec0dbf6106,mindfulness,emotion_regulation,"[""mindfulness""]",Emotion regulation strategy entity.,seed,,2026-04-10T11:06:57+00:00,2026-04-10T11:06:57+00:00
ent_3a112a17ced84759,acceptance,emotion_regulation,"[""acceptance""]",Emotion regulation strategy entity.,seed,,2026-04-10T11:06:57+00:00,2026-04-10T11:06:57+00:00
ent_b58a24f0e2739731,problem-solving coping,emotion_regulation,"[""problem-solving coping""]",Emotion regulation strategy entity.,seed,,2026-04-10T11:06:57+00:00,2026-04-10T11:06:57+00:00
ent_52c59469e048a31d,emotion labeling,emotion_regulation,"[""emotion labeling""]",Emotion regulation strategy entity.,seed,,2026-04-10T11:06:57+00:00,2026-04-10T11:06:57+00:00
ent_839b418af587653e,affect naming,emotion_regulation,"[""affect naming""]",Emotion regulation strategy entity.,seed,,2026-04-10T11:06:57+00:00,2026-04-10T11:06:57+00:00
ent_378650e296e3504b,self-soothing,emotion_regulation,"[""self-soothing""]",Emotion regulation strategy entity.,seed,,2026-04-10T11:06:57+00:00,2026-04-10T11:06:57+00:00
ent_dba03abf98063ae8,distress tolerance,emotion_regulation,"[""distress tolerance""]",Emotion regulation strategy entity.,seed,,2026-04-10T11:06:57+00:00,2026-04-10T11:06:57+00:00
ent_aa3dce89693355e1,grounding technique,emotion_regulation,"[""grounding technique""]",Emotion regulation strategy entity.,seed,,2026-04-10T11:06:57+00:00,2026-04-10T11:06:57+00:00
ent_aaaacaa136416855,breathing regulation,emotion_regulation,"[""breathing regulation""]",Emotion regulation strategy entity.,seed,,2026-04-10T11:06:57+00:00,2026-04-10T11:06:57+00:00
ent_b17da8de2e407729,progressive muscle relaxation,emotion_regulation,"[""progressive muscle relaxation""]",Emotion regulation strategy entity.,seed,,2026-04-10T11:06:57+00:00,2026-04-10T11:06:57+00:00
ent_1cdab7063073aefc,behavioral activation,emotion_regulation,"[""behavioral activation""]",Emotion regulation strategy entity.,seed,,2026-04-10T11:06:57+00:00,2026-04-10T11:06:57+00:00
ent_c00bd59a36ebf081,opposite action strategy,emotion_regulation,"[""opposite action strategy""]",Emotion regulation strategy entity.,seed,,2026-04-10T11:06:57+00:00,2026-04-10T11:06:57+00:00
ent_23fd8b1e8bfb7692,attentional deployment,emotion_regulation,"[""attentional deployment""]",Emotion regulation strategy entity.,seed,,2026-04-10T11:06:57+00:00,2026-04-10T11:06:57+00:00
ent_c609032b77ee2c88,response modulation,emotion_regulation,"[""response modulation""]",Emotion regulation strategy entity.,seed,,2026-04-10T11:06:57+00:00,2026-04-10T11:06:57+00:00
ent_1f1715124ecb4773,situation selection,emotion_regulation,"[""situation selection""]",Emotion regulation strategy entity.,seed,,2026-04-10T11:06:57+00:00,2026-04-10T11:06:57+00:00
ent_bbfc6868d891879f,situation modification,emotion_regulation,"[""situation modification""]",Emotion regulation strategy entity.,seed,,2026-04-10T11:06:57+00:00,2026-04-10T11:06:57+00:00
ent_778954eb563fd607,rumination reduction,emotion_regulation,"[""rumination reduction""]",Emotion regulation strategy entity.,seed,,2026-04-10T11:06:57+00:00,2026-04-10T11:06:57+00:00
ent_d636e8103320c2f6,worry postponement,emotion_regulation,"[""worry postponement""]",Emotion regulation strategy entity.,seed,,2026-04-10T11:06:57+00:00,2026-04-10T11:06:57+00:00
ent_c218cc3c78c51d1f,compassion practice,emotion_regulation,"[""compassion practice""]",Emotion regulation strategy entity.,seed,,2026-04-10T11:06:57+00:00,2026-04-10T11:06:57+00:00
ent_3472b14c68f8c895,gratitude practice,emotion_regulation,"[""gratitude practice""]",Emotion regulation strategy entity.,seed,,2026-04-10T11:06:57+00:00,2026-04-10T11:06:57+00:00
ent_f215eacd5e0f0c00,sleep hygiene adherence,emotion_regulation,"[""sleep hygiene adherence""]",Emotion regulation strategy entity.,seed,,2026-04-10T11:06:57+00:00,2026-04-10T11:06:57+00:00
ent_7237e14767c16337,stimulus control for insomnia,emotion_regulation,"[""stimulus control for insomnia""]",Emotion regulation strategy entity.,seed,,2026-04-10T11:06:57+00:00,2026-04-10T11:06:57+00:00
ent_29052d67150bb922,sleep restriction therapy,emotion_regulation,"[""sleep restriction therapy""]",Emotion regulation strategy entity.,seed,,2026-04-10T11:06:57+00:00,2026-04-10T11:06:57+00:00
ent_e9521dc6d49882be,relaxation training,emotion_regulation,"[""relaxation training""]",Emotion regulation strategy entity.,seed,,2026-04-10T11:06:57+00:00,2026-04-10T11:06:57+00:00
ent_a5d9bde43dc67092,imagery rehearsal therapy,emotion_regulation,"[""imagery rehearsal therapy""]",Emotion regulation strategy entity.,seed,,2026-04-10T11:06:57+00:00,2026-04-10T11:06:57+00:00
ent_31f1f06582eb2c44,biofeedback regulation,emotion_regulation,"[""biofeedback regulation""]",Emotion regulation strategy entity.,seed,,2026-04-10T11:06:57+00:00,2026-04-10T11:06:57+00:00
ent_c6d00f5f63d21a0a,heart rate variability biofeedback,emotion_regulation,"[""heart rate variability biofeedback""]",Emotion regulation strategy entity.,seed,,2026-04-10T11:06:57+00:00,2026-04-10T11:06:57+00:00
ent_08a703c0b468c9e2,cognitive defusion,emotion_regulation,"[""cognitive defusion""]",Emotion regulation strategy entity.,seed,,2026-04-10T11:06:57+00:00,2026-04-10T11:06:57+00:00
ent_b2e53fadb82f938c,values-based action,emotion_regulation,"[""values-based action""]",Emotion regulation strategy entity.,seed,,2026-04-10T11:06:57+00:00,2026-04-10T11:06:57+00:00
ent_db1e7630bd71cc98,social support seeking,emotion_regulation,"[""social support seeking""]",Emotion regulation strategy entity.,seed,,2026-04-10T11:06:57+00:00,2026-04-10T11:06:57+00:00
ent_1391aa0dea8fa8dc,PANAS,scale,"[""PANAS""]","Scale used to assess emotion, stress, or affective symptoms.",seed,,2026-04-10T11:06:57+00:00,2026-04-10T11:06:57+00:00
ent_641b0ef852051cea,positive and negative affect schedule,scale,"[""panas scale"", ""positive and negative affect schedule""]","Scale used to assess emotion, stress, or affective symptoms.",seed,,2026-04-10T11:06:57+00:00,2026-04-10T11:06:57+00:00
ent_9c779fba47ed517b,DERS,scale,"[""DERS""]","Scale used to assess emotion, stress, or affective symptoms.",seed,,2026-04-10T11:06:57+00:00,2026-04-10T11:06:57+00:00
ent_d5a8393f6db81a90,difficulties in emotion regulation scale,scale,"[""ders scale"", ""difficulties in emotion regulation scale""]","Scale used to assess emotion, stress, or affective symptoms.",seed,,2026-04-10T11:06:57+00:00,2026-04-10T11:06:57+00:00
ent_4b88269375c26d2f,ERQ,scale,"[""ERQ""]","Scale used to assess emotion, stress, or affective symptoms.",seed,,2026-04-10T11:06:57+00:00,2026-04-10T11:06:57+00:00
ent_4fb262cfb40b7b36,emotion regulation questionnaire,scale,"[""emotion regulation questionnaire"", ""erq scale""]","Scale used to assess emotion, stress, or affective symptoms.",seed,,2026-04-10T11:06:57+00:00,2026-04-10T11:06:57+00:00
ent_59506bf620f62e81,POMS,scale,"[""POMS""]","Scale used to assess emotion, stress, or affective symptoms.",seed,,2026-04-10T11:06:57+00:00,2026-04-10T11:06:57+00:00
ent_c761572edbf67bb5,profile of mood states,scale,"[""profile of mood states""]","Scale used to assess emotion, stress, or affective symptoms.",seed,,2026-04-10T11:06:57+00:00,2026-04-10T11:06:57+00:00
ent_b74e0c0250fd8ccf,STAI,scale,"[""STAI""]","Scale used to assess emotion, stress, or affective symptoms.",seed,,2026-04-10T11:06:57+00:00,2026-04-10T11:06:57+00:00
ent_fc6e681b9cd145a9,state-trait anxiety inventory,scale,"[""stai scale"", ""state-trait anxiety inventory""]","Scale used to assess emotion, stress, or affective symptoms.",seed,,2026-04-10T11:06:57+00:00,2026-04-10T11:06:57+00:00
ent_61b6da8a33c376cf,BAI,scale,"[""BAI""]","Scale used to assess emotion, stress, or affective symptoms.",seed,,2026-04-10T11:06:57+00:00,2026-04-10T11:06:57+00:00
ent_475416f169df04f9,beck anxiety inventory,scale,"[""beck anxiety inventory""]","Scale used to assess emotion, stress, or affective symptoms.",seed,,2026-04-10T11:06:57+00:00,2026-04-10T11:06:57+00:00
ent_380bf3121dc6dca5,GAD-7,scale,"[""GAD-7""]","Scale used to assess emotion, stress, or affective symptoms.",seed,,2026-04-10T11:06:57+00:00,2026-04-10T11:06:57+00:00
ent_b9bdee30d7f0a841,PHQ-2,scale,"[""PHQ-2""]","Scale used to assess emotion, stress, or affective symptoms.",seed,,2026-04-10T11:06:57+00:00,2026-04-10T11:06:57+00:00
ent_1ee98c4d351216bb,CES-D,scale,"[""CES-D""]","Scale used to assess emotion, stress, or affective symptoms.",seed,,2026-04-10T11:06:57+00:00,2026-04-10T11:06:57+00:00
ent_76715cb688a6140e,HADS,scale,"[""HADS""]","Scale used to assess emotion, stress, or affective symptoms.",seed,,2026-04-10T11:06:57+00:00,2026-04-10T11:06:57+00:00
ent_ac366d8625f3ae31,hospital anxiety and depression scale,scale,"[""hads scale"", ""hospital anxiety and depression scale""]","Scale used to assess emotion, stress, or affective symptoms.",seed,,2026-04-10T11:06:57+00:00,2026-04-10T11:06:57+00:00
ent_bae74aaf18ae0ae2,WHO-5 well-being index,scale,"[""WHO-5 well-being index""]","Scale used to assess emotion, stress, or affective symptoms.",seed,,2026-04-10T11:06:57+00:00,2026-04-10T11:06:57+00:00
ent_de1f6f0985ebd872,PSS,scale,"[""PSS""]","Scale used to assess emotion, stress, or affective symptoms.",seed,,2026-04-10T11:06:57+00:00,2026-04-10T11:06:57+00:00
ent_69147408fb8e752f,perceived stress scale,scale,"[""perceived stress scale"", ""pss scale""]","Scale used to assess emotion, stress, or affective symptoms.",seed,,2026-04-10T11:06:57+00:00,2026-04-10T11:06:57+00:00
ent_a9605606ceb6cb7c,melancholic depression,disease,"[""melancholic depression""]",Melancholic Depression is a depression-related disease entity.,seed,,2026-04-10T11:06:57+00:00,2026-04-10T11:06:57+00:00
ent_994629e5bf158a79,atypical depression,disease,"[""atypical depression""]",Atypical Depression is a depression-related disease entity.,seed,,2026-04-10T11:06:57+00:00,2026-04-10T11:06:57+00:00
ent_e7ff7a01ef3afed9,psychotic depression,disease,"[""psychotic depression""]",Psychotic Depression is a depression-related disease entity.,seed,,2026-04-10T11:06:57+00:00,2026-04-10T11:06:57+00:00
ent_e2060c4838ff8034,catatonic depression,disease,"[""catatonic depression""]",Catatonic Depression is a depression-related disease entity.,seed,,2026-04-10T11:06:57+00:00,2026-04-10T11:06:57+00:00
ent_b71ef8e3975f095a,anxious depression,disease,"[""anxious depression""]",Anxious Depression is a depression-related disease entity.,seed,,2026-04-10T11:06:57+00:00,2026-04-10T11:06:57+00:00
ent_7f6f79545c260e84,agitated depression,disease,"[""agitated depression""]",Agitated Depression is a depression-related disease entity.,seed,,2026-04-10T11:06:57+00:00,2026-04-10T11:06:57+00:00
ent_da1cd84453d814c0,retarded depression,disease,"[""retarded depression""]",Retarded Depression is a depression-related disease entity.,seed,,2026-04-10T11:06:57+00:00,2026-04-10T11:06:57+00:00
ent_ad868b796fda700f,chronic major depression,disease,"[""chronic major depression""]",Chronic Major Depression is a depression-related disease entity.,seed,,2026-04-10T11:06:57+00:00,2026-04-10T11:06:57+00:00
ent_1ab3e9e0c7ba337f,recurrent major depression,disease,"[""recurrent major depression""]",Recurrent Major Depression is a depression-related disease entity.,seed,,2026-04-10T11:06:57+00:00,2026-04-10T11:06:57+00:00
ent_8765c557f500caa0,single-episode major depression,disease,"[""single-episode major depression""]",Single-Episode Major Depression is a depression-related disease entity.,seed,,2026-04-10T11:06:57+00:00,2026-04-10T11:06:57+00:00
ent_da6c3732222518b5,double depression,disease,"[""double depression""]",Double Depression is a depression-related disease entity.,seed,,2026-04-10T11:06:57+00:00,2026-04-10T11:06:57+00:00
ent_98767bb0b3516f09,subsyndromal depression,disease,"[""subsyndromal depression""]",Subsyndromal Depression is a depression-related disease entity.,seed,,2026-04-10T11:06:57+00:00,2026-04-10T11:06:57+00:00
ent_bc99823db6ab11f0,minor depression,disease,"[""minor depression""]",Minor Depression is a depression-related disease entity.,seed,,2026-04-10T11:06:57+00:00,2026-04-10T11:06:57+00:00
ent_d3e3d492af9b6808,masked depression,disease,"[""masked depression""]",Masked Depression is a depression-related disease entity.,seed,,2026-04-10T11:06:57+00:00,2026-04-10T11:06:57+00:00
ent_44814b5cf663ef47,endogenous depression,disease,"[""endogenous depression""]",Endogenous Depression is a depression-related disease entity.,seed,,2026-04-10T11:06:57+00:00,2026-04-10T11:06:57+00:00
ent_6bee6c4917ee850e,reactive depression,disease,"[""reactive depression""]",Reactive Depression is a depression-related disease entity.,seed,,2026-04-10T11:06:57+00:00,2026-04-10T11:06:57+00:00
ent_d9759da04bdbb0e5,involutional depression,disease,"[""involutional depression""]",Involutional Depression is a depression-related disease entity.,seed,,2026-04-10T11:06:57+00:00,2026-04-10T11:06:57+00:00
ent_169c7650c4e37223,vascular depression,disease,"[""vascular depression""]",Vascular Depression is a depression-related disease entity.,seed,,2026-04-10T11:06:57+00:00,2026-04-10T11:06:57+00:00
ent_4a5cbe442f64190f,late-life depression,disease,"[""late-life depression""]",Late-Life Depression is a depression-related disease entity.,seed,,2026-04-10T11:06:57+00:00,2026-04-10T11:06:57+00:00
ent_de25f75bd3b7029b,adolescent depression,disease,"[""adolescent depression""]",Adolescent Depression is a depression-related disease entity.,seed,,2026-04-10T11:06:57+00:00,2026-04-10T11:06:57+00:00
ent_8cd5018a17d8244c,childhood depression,disease,"[""childhood depression""]",Childhood Depression is a depression-related disease entity.,seed,,2026-04-10T11:06:57+00:00,2026-04-10T11:06:57+00:00
ent_72e531099c571dae,perimenopausal depression,disease,"[""perimenopausal depression""]",Perimenopausal Depression is a depression-related disease entity.,seed,,2026-04-10T11:06:57+00:00,2026-04-10T11:06:57+00:00
ent_525d96d30e4cbc6d,menopausal depression,disease,"[""menopausal depression""]",Menopausal Depression is a depression-related disease entity.,seed,,2026-04-10T11:06:57+00:00,2026-04-10T11:06:57+00:00
ent_373cec5d471e990b,peripartum depression,disease,"[""peripartum depression""]",Peripartum Depression is a depression-related disease entity.,seed,,2026-04-10T11:06:57+00:00,2026-04-10T11:06:57+00:00
ent_111139d387edc2a1,antenatal depression,disease,"[""antenatal depression""]",Antenatal Depression is a depression-related disease entity.,seed,,2026-04-10T11:06:57+00:00,2026-04-10T11:06:57+00:00
ent_57b73f6d3da32310,prenatal depression,disease,"[""prenatal depression""]",Prenatal Depression is a depression-related disease entity.,seed,,2026-04-10T11:06:57+00:00,2026-04-10T11:06:57+00:00
ent_77fe8d4c39978930,postnatal depression,disease,"[""postnatal depression""]",Postnatal Depression is a depression-related disease entity.,seed,,2026-04-10T11:06:57+00:00,2026-04-10T11:06:57+00:00
ent_a658be57273fe9d9,seasonal depression,disease,"[""seasonal depression""]",Seasonal Depression is a depression-related disease entity.,seed,,2026-04-10T11:06:57+00:00,2026-04-10T11:06:57+00:00
ent_5538e72db02ba4a8,winter-pattern depression,disease,"[""winter-pattern depression""]",Winter-Pattern Depression is a depression-related disease entity.,seed,,2026-04-10T11:06:57+00:00,2026-04-10T11:06:57+00:00
ent_076d54e338112fe8,summer-pattern depression,disease,"[""summer-pattern depression""]",Summer-Pattern Depression is a depression-related disease entity.,seed,,2026-04-10T11:06:57+00:00,2026-04-10T11:06:57+00:00
ent_b2d89e579c6e0b2d,treatment-refractory depression,disease,"[""treatment-refractory depression""]",Treatment-Refractory Depression is a depression-related disease entity.,seed,,2026-04-10T11:06:57+00:00,2026-04-10T11:06:57+00:00
ent_3fb6a04a8520aa0a,partial-remission depression,disease,"[""partial-remission depression""]",Partial-Remission Depression is a depression-related disease entity.,seed,,2026-04-10T11:06:57+00:00,2026-04-10T11:06:57+00:00
ent_4e6f6581335eb5b3,residual depression,disease,"[""residual depression""]",Residual Depression is a depression-related disease entity.,seed,,2026-04-10T11:06:57+00:00,2026-04-10T11:06:57+00:00
ent_0051c3b0f2c290c3,bipolar depression episode,disease,"[""bipolar depression episode""]",Bipolar Depression Episode is a depression-related disease entity.,seed,,2026-04-10T11:06:57+00:00,2026-04-10T11:06:57+00:00
ent_0f1af84e59d899f0,depression with mixed features,disease,"[""depression with mixed features""]",Depression With Mixed Features is a depression-related disease entity.,seed,,2026-04-10T11:06:57+00:00,2026-04-10T11:06:57+00:00
ent_5b5d1cab0be6bbec,depression with anxious distress,disease,"[""depression with anxious distress""]",Depression With Anxious Distress is a depression-related disease entity.,seed,,2026-04-10T11:06:57+00:00,2026-04-10T11:06:57+00:00
ent_12040ffb88ad5bc7,depression with psychomotor changes,disease,"[""depression with psychomotor changes""]",Depression With Psychomotor Changes is a depression-related disease entity.,seed,,2026-04-10T11:06:57+00:00,2026-04-10T11:06:57+00:00
ent_da08665f4901c689,depression with somatic symptoms,disease,"[""depression with somatic symptoms""]",Depression With Somatic Symptoms is a depression-related disease entity.,seed,,2026-04-10T11:06:57+00:00,2026-04-10T11:06:57+00:00
ent_b60b2ffcc2c0f098,depression with atypical features,disease,"[""depression with atypical features""]",Depression With Atypical Features is a depression-related disease entity.,seed,,2026-04-10T11:06:57+00:00,2026-04-10T11:06:57+00:00
ent_24dd85a5dbf003b1,persistent low mood,symptom,"[""persistent low mood""]",Persistent Low Mood is a depression-related symptom entity.,seed,,2026-04-10T11:06:57+00:00,2026-04-10T11:06:57+00:00
ent_9a9b2631b49f8da4,depressed affect,symptom,"[""depressed affect""]",Depressed Affect is a depression-related symptom entity.,seed,,2026-04-10T11:06:57+00:00,2026-04-10T11:06:57+00:00
ent_0b70de82a78042c4,loss of enjoyment,symptom,"[""loss of enjoyment""]",Loss Of Enjoyment is a depression-related symptom entity.,seed,,2026-04-10T11:06:57+00:00,2026-04-10T11:06:57+00:00
ent_692adfda65faf47f,reduced motivation,symptom,"[""reduced motivation""]",Reduced Motivation is a depression-related symptom entity.,seed,,2026-04-10T11:06:57+00:00,2026-04-10T11:06:57+00:00
ent_38ee0f39cec47fe0,psychomotor retardation,symptom,"[""psychomotor retardation""]",Psychomotor Retardation is a depression-related symptom entity.,seed,,2026-04-10T11:06:57+00:00,2026-04-10T11:06:57+00:00
ent_8acd637335bff504,psychomotor slowing,symptom,"[""psychomotor slowing""]",Psychomotor Slowing is a depression-related symptom entity.,seed,,2026-04-10T11:06:57+00:00,2026-04-10T11:06:57+00:00
ent_c024abe6cc577d19,psychomotor agitation,symptom,"[""psychomotor agitation""]",Psychomotor Agitation is a depression-related symptom entity.,seed,,2026-04-10T11:06:57+00:00,2026-04-10T11:06:57+00:00
ent_abfc4f4ad4fc4765,emotional flatness,symptom,"[""emotional flatness""]",Emotional Flatness is a depression-related symptom entity.,seed,,2026-04-10T11:06:57+00:00,2026-04-10T11:06:57+00:00
ent_e49d71392805e7cf,social withdrawal,symptom,"[""social withdrawal""]",Social Withdrawal is a depression-related symptom entity.,seed,,2026-04-10T11:06:57+00:00,2026-04-10T11:06:57+00:00
ent_769dff2efb347106,crying spells,symptom,"[""crying spells""]",Crying Spells is a depression-related symptom entity.,seed,,2026-04-10T11:06:57+00:00,2026-04-10T11:06:57+00:00
ent_e036260f1643c639,inner emptiness,symptom,"[""inner emptiness""]",Inner Emptiness is a depression-related symptom entity.,seed,,2026-04-10T11:06:57+00:00,2026-04-10T11:06:57+00:00
ent_4d04a6903ee5064f,self-loathing,symptom,"[""self-loathing""]",Self-Loathing is a depression-related symptom entity.,seed,,2026-04-10T11:06:57+00:00,2026-04-10T11:06:57+00:00
ent_d76dea6d0806d19a,self-devaluation,symptom,"[""self-devaluation""]",Self-Devaluation is a depression-related symptom entity.,seed,,2026-04-10T11:06:57+00:00,2026-04-10T11:06:57+00:00
ent_88a2b9fff100a664,low self-esteem,symptom,"[""low self-esteem""]",Low Self-Esteem is a depression-related symptom entity.,seed,,2026-04-10T11:06:57+00:00,2026-04-10T11:06:57+00:00
ent_5a4593109ee4b15e,self-reproach,symptom,"[""self-reproach""]",Self-Reproach is a depression-related symptom entity.,seed,,2026-04-10T11:06:57+00:00,2026-04-10T11:06:57+00:00
ent_99218b863368e4c5,indecisiveness,symptom,"[""indecisiveness""]",Indecisiveness is a depression-related symptom entity.,seed,,2026-04-10T11:06:57+00:00,2026-04-10T11:06:57+00:00
ent_f58409faa9a15539,cognitive slowing,symptom,"[""cognitive slowing""]",Cognitive Slowing is a depression-related symptom entity.,seed,,2026-04-10T11:06:57+00:00,2026-04-10T11:06:57+00:00
ent_95c6af1482a9a818,impaired concentration,symptom,"[""impaired concentration""]",Impaired Concentration is a depression-related symptom entity.,seed,,2026-04-10T11:06:57+00:00,2026-04-10T11:06:57+00:00
ent_da8bb04b2215a488,memory complaints,symptom,"[""memory complaints""]",Memory Complaints is a depression-related symptom entity.,seed,,2026-04-10T11:06:57+00:00,2026-04-10T11:06:57+00:00
ent_cbde4897b6e12542,mental fatigue,symptom,"[""mental fatigue""]",Mental Fatigue is a depression-related symptom entity.,seed,,2026-04-10T11:06:57+00:00,2026-04-10T11:06:57+00:00
ent_a77ba1c7e257765a,physical fatigue,symptom,"[""physical fatigue""]",Physical Fatigue is a depression-related symptom entity.,seed,,2026-04-10T11:06:57+00:00,2026-04-10T11:06:57+00:00
ent_74766449a174a7ea,low energy,symptom,"[""low energy""]",Low Energy is a depression-related symptom entity.,seed,,2026-04-10T11:06:57+00:00,2026-04-10T11:06:57+00:00
ent_85277c4d1fc773b9,morning worsening,symptom,"[""morning worsening""]",Morning Worsening is a depression-related symptom entity.,seed,,2026-04-10T11:06:57+00:00,2026-04-10T11:06:57+00:00
ent_23b32a468ca9e42f,diurnal mood variation,symptom,"[""diurnal mood variation""]",Diurnal Mood Variation is a depression-related symptom entity.,seed,,2026-04-10T11:06:57+00:00,2026-04-10T11:06:57+00:00
ent_46b0270878e70919,early morning low mood,symptom,"[""early morning low mood""]",Early Morning Low Mood is a depression-related symptom entity.,seed,,2026-04-10T11:06:57+00:00,2026-04-10T11:06:57+00:00
ent_e1f601083e936650,anxiety tension,symptom,"[""anxiety tension""]",Anxiety Tension is a depression-related symptom entity.,seed,,2026-04-10T11:06:57+00:00,2026-04-10T11:06:57+00:00
ent_68d854e9a82a7e1c,somatic anxiety,symptom,"[""somatic anxiety""]",Somatic Anxiety is a depression-related symptom entity.,seed,,2026-04-10T11:06:57+00:00,2026-04-10T11:06:57+00:00
ent_b625410ba8a84ccc,panic-like symptoms,symptom,"[""panic-like symptoms""]",Panic-Like Symptoms is a depression-related symptom entity.,seed,,2026-04-10T11:06:57+00:00,2026-04-10T11:06:57+00:00
ent_35f55c767ef15867,irritability outbursts,symptom,"[""irritability outbursts""]",Irritability Outbursts is a depression-related symptom entity.,seed,,2026-04-10T11:06:57+00:00,2026-04-10T11:06:57+00:00
ent_ea57fe3b24214f21,reduced libido,symptom,"[""reduced libido""]",Reduced Libido is a depression-related symptom entity.,seed,,2026-04-10T11:06:57+00:00,2026-04-10T11:06:57+00:00
ent_9c80715d2c2edb85,sexual dysfunction symptoms,symptom,"[""sexual dysfunction symptoms""]",Sexual Dysfunction Symptoms is a depression-related symptom entity.,seed,,2026-04-10T11:06:57+00:00,2026-04-10T11:06:57+00:00
ent_e80f144b13dc874e,appetite loss,symptom,"[""appetite loss""]",Appetite Loss is a depression-related symptom entity.,seed,,2026-04-10T11:06:57+00:00,2026-04-10T11:06:57+00:00
ent_d23e59fe938a6507,increased appetite episodes,symptom,"[""increased appetite episodes""]",Increased Appetite Episodes is a depression-related symptom entity.,seed,,2026-04-10T11:06:57+00:00,2026-04-10T11:06:57+00:00
ent_23fb986c6649a447,weight gain,symptom,"[""weight gain""]",Weight Gain is a depression-related symptom entity.,seed,,2026-04-10T11:06:57+00:00,2026-04-10T11:06:57+00:00
ent_f8060d0346e734b9,insomnia symptoms,symptom,"[""insomnia symptoms""]",Insomnia Symptoms is a depression-related symptom entity.,seed,,2026-04-10T11:06:57+00:00,2026-04-10T11:06:57+00:00
ent_5ee895dc53781ae1,hypersomnia symptoms,symptom,"[""hypersomnia symptoms""]",Hypersomnia Symptoms is a depression-related symptom entity.,seed,,2026-04-10T11:06:57+00:00,2026-04-10T11:06:57+00:00
ent_bf3d9dd51d94cc2e,nonrestorative sleep symptoms,symptom,"[""nonrestorative sleep symptoms""]",Nonrestorative Sleep Symptoms is a depression-related symptom entity.,seed,,2026-04-10T11:06:57+00:00,2026-04-10T11:06:57+00:00
ent_946acb8e8c3d5c5f,sleep continuity complaints,symptom,"[""sleep continuity complaints""]",Sleep Continuity Complaints is a depression-related symptom entity.,seed,,2026-04-10T11:06:57+00:00,2026-04-10T11:06:57+00:00
ent_054eb3f0badd8f54,feelings of failure,symptom,"[""feelings of failure""]",Feelings Of Failure is a depression-related symptom entity.,seed,,2026-04-10T11:06:57+00:00,2026-04-10T11:06:57+00:00
ent_ffc79fb9fd1b4336,pessimism,symptom,"[""pessimism""]",Pessimism is a depression-related symptom entity.,seed,,2026-04-10T11:06:57+00:00,2026-04-10T11:06:57+00:00
ent_bc6d5ff1e7317a11,demoralized mood,symptom,"[""demoralized mood""]",Demoralized Mood is a depression-related symptom entity.,seed,,2026-04-10T11:06:57+00:00,2026-04-10T11:06:57+00:00
ent_9319b9022373f0d2,hopeless cognition,symptom,"[""hopeless cognition""]",Hopeless Cognition is a depression-related symptom entity.,seed,,2026-04-10T11:06:57+00:00,2026-04-10T11:06:57+00:00
ent_c94c34c8d6535b8d,helpless cognition,symptom,"[""helpless cognition""]",Helpless Cognition is a depression-related symptom entity.,seed,,2026-04-10T11:06:57+00:00,2026-04-10T11:06:57+00:00
ent_e13eb57bf6b12beb,worthlessness feelings,symptom,"[""worthlessness feelings""]",Worthlessness Feelings is a depression-related symptom entity.,seed,,2026-04-10T11:06:57+00:00,2026-04-10T11:06:57+00:00
ent_08603530a828a375,survivor guilt,symptom,"[""survivor guilt""]",Survivor Guilt is a depression-related symptom entity.,seed,,2026-04-10T11:06:57+00:00,2026-04-10T11:06:57+00:00
ent_ac0975b4ba2a68e1,anticipatory dread,symptom,"[""anticipatory dread""]",Anticipatory Dread is a depression-related symptom entity.,seed,,2026-04-10T11:06:57+00:00,2026-04-10T11:06:57+00:00
ent_6c46d084960ae885,death preoccupation,symptom,"[""death preoccupation""]",Death Preoccupation is a depression-related symptom entity.,seed,,2026-04-10T11:06:57+00:00,2026-04-10T11:06:57+00:00
ent_6d24c344e7887931,passive death wish,symptom,"[""passive death wish""]",Passive Death Wish is a depression-related symptom entity.,seed,,2026-04-10T11:06:57+00:00,2026-04-10T11:06:57+00:00
ent_982d96a83e620c4a,active suicidal ideation,symptom,"[""active suicidal ideation""]",Active Suicidal Ideation is a depression-related symptom entity.,seed,,2026-04-10T11:06:57+00:00,2026-04-10T11:06:57+00:00
ent_c9659cfd1eaa083c,suicidal planning,symptom,"[""suicidal planning""]",Suicidal Planning is a depression-related symptom entity.,seed,,2026-04-10T11:06:57+00:00,2026-04-10T11:06:57+00:00
ent_987ae68f9a81cbd7,suicidal intent,symptom,"[""suicidal intent""]",Suicidal Intent is a depression-related symptom entity.,seed,,2026-04-10T11:06:57+00:00,2026-04-10T11:06:57+00:00
ent_294485f13492734a,self-harm urges,symptom,"[""self-harm urges""]",Self-Harm Urges is a depression-related symptom entity.,seed,,2026-04-10T11:06:57+00:00,2026-04-10T11:06:57+00:00
ent_d1f80a4d697d0411,self-harm behavior,symptom,"[""self-harm behavior""]",Self-Harm Behavior is a depression-related symptom entity.,seed,,2026-04-10T11:06:57+00:00,2026-04-10T11:06:57+00:00
ent_8d8fb72dbcba91dc,functional impairment,symptom,"[""functional impairment""]",Functional Impairment is a depression-related symptom entity.,seed,,2026-04-10T11:06:57+00:00,2026-04-10T11:06:57+00:00
ent_e0de1dbb81badd91,occupational impairment,symptom,"[""occupational impairment""]",Occupational Impairment is a depression-related symptom entity.,seed,,2026-04-10T11:06:57+00:00,2026-04-10T11:06:57+00:00
ent_6c19bf0bc4bb7f1e,academic impairment,symptom,"[""academic impairment""]",Academic Impairment is a depression-related symptom entity.,seed,,2026-04-10T11:06:57+00:00,2026-04-10T11:06:57+00:00
ent_d85fbc6e9be6e71d,interpersonal impairment,symptom,"[""interpersonal impairment""]",Interpersonal Impairment is a depression-related symptom entity.,seed,,2026-04-10T11:06:57+00:00,2026-04-10T11:06:57+00:00
ent_5569f03520f291bc,childhood adversity,risk_factor,"[""childhood adversity""]",Childhood Adversity is a depression-related risk_factor entity.,seed,,2026-04-10T11:06:57+00:00,2026-04-10T11:06:57+00:00
ent_815565304a2077eb,adverse childhood experiences,risk_factor,"[""adverse childhood experiences""]",Adverse Childhood Experiences is a depression-related risk_factor entity.,seed,,2026-04-10T11:06:57+00:00,2026-04-10T11:06:57+00:00
ent_8862a190600c92d1,emotional abuse history,risk_factor,"[""emotional abuse history""]",Emotional Abuse History is a depression-related risk_factor entity.,seed,,2026-04-10T11:06:57+00:00,2026-04-10T11:06:57+00:00
ent_cbbab173333e6c75,physical abuse history,risk_factor,"[""physical abuse history""]",Physical Abuse History is a depression-related risk_factor entity.,seed,,2026-04-10T11:06:57+00:00,2026-04-10T11:06:57+00:00
ent_bb0676e05aa746da,sexual abuse history,risk_factor,"[""sexual abuse history""]",Sexual Abuse History is a depression-related risk_factor entity.,seed,,2026-04-10T11:06:57+00:00,2026-04-10T11:06:57+00:00
ent_c5d61540affa5d30,neglect history,risk_factor,"[""neglect history""]",Neglect History is a depression-related risk_factor entity.,seed,,2026-04-10T11:06:57+00:00,2026-04-10T11:06:57+00:00
ent_e63af02da1786f73,bullying victimization,risk_factor,"[""bullying victimization""]",Bullying Victimization is a depression-related risk_factor entity.,seed,,2026-04-10T11:06:57+00:00,2026-04-10T11:06:57+00:00
ent_837d40c26738745f,interpersonal trauma,risk_factor,"[""interpersonal trauma""]",Interpersonal Trauma is a depression-related risk_factor entity.,seed,,2026-04-10T11:06:57+00:00,2026-04-10T11:06:57+00:00
ent_2c068884147aaf78,bereavement,risk_factor,"[""bereavement""]",Bereavement is a depression-related risk_factor entity.,seed,,2026-04-10T11:06:57+00:00,2026-04-10T11:06:57+00:00
ent_f475a2b7a9c0fa3f,relationship breakup,risk_factor,"[""relationship breakup""]",Relationship Breakup is a depression-related risk_factor entity.,seed,,2026-04-10T11:06:57+00:00,2026-04-10T11:06:57+00:00
ent_e468b097a15b6637,divorce stress,risk_factor,"[""divorce stress""]",Divorce Stress is a depression-related risk_factor entity.,seed,,2026-04-10T11:06:57+00:00,2026-04-10T11:06:57+00:00
ent_32df71c87cb9b05f,caregiver burden,risk_factor,"[""caregiver burden""]",Caregiver Burden is a depression-related risk_factor entity.,seed,,2026-04-10T11:06:57+00:00,2026-04-10T11:06:57+00:00
ent_42c961a9b7516bcb,chronic stress exposure,risk_factor,"[""chronic stress exposure""]",Chronic Stress Exposure is a depression-related risk_factor entity.,seed,,2026-04-10T11:06:57+00:00,2026-04-10T11:06:57+00:00
ent_fcc0d566d1c9a80a,occupational stress,risk_factor,"[""occupational stress""]",Occupational Stress is a depression-related risk_factor entity.,seed,,2026-04-10T11:06:57+00:00,2026-04-10T11:06:57+00:00
ent_a0f77c216dd3ca20,job insecurity,risk_factor,"[""job insecurity""]",Job Insecurity is a depression-related risk_factor entity.,seed,,2026-04-10T11:06:57+00:00,2026-04-10T11:06:57+00:00
ent_f9b4351ca4b15c7c,unemployment,risk_factor,"[""unemployment""]",Unemployment is a depression-related risk_factor entity.,seed,,2026-04-10T11:06:57+00:00,2026-04-10T11:06:57+00:00
ent_719ebf9323a781f6,financial strain,risk_factor,"[""financial strain""]",Financial Strain is a depression-related risk_factor entity.,seed,,2026-04-10T11:06:57+00:00,2026-04-10T11:06:57+00:00
ent_138972a478ec48ed,debt burden,risk_factor,"[""debt burden""]",Debt Burden is a depression-related risk_factor entity.,seed,,2026-04-10T11:06:57+00:00,2026-04-10T11:06:57+00:00
ent_bfe4ed5b4d0608f2,low social support,risk_factor,"[""low social support""]",Low Social Support is a depression-related risk_factor entity.,seed,,2026-04-10T11:06:57+00:00,2026-04-10T11:06:57+00:00
ent_748fc4fd6c0bffd5,perceived loneliness,risk_factor,"[""perceived loneliness""]",Perceived Loneliness is a depression-related risk_factor entity.,seed,,2026-04-10T11:06:57+00:00,2026-04-10T11:06:57+00:00
ent_0062a4c6dc75c95b,social conflict,risk_factor,"[""social conflict""]",Social Conflict is a depression-related risk_factor entity.,seed,,2026-04-10T11:06:57+00:00,2026-04-10T11:06:57+00:00
ent_4cd80f9074640d57,family conflict,risk_factor,"[""family conflict""]",Family Conflict is a depression-related risk_factor entity.,seed,,2026-04-10T11:06:57+00:00,2026-04-10T11:06:57+00:00
ent_55c6f067e347813f,sleep deprivation risk,risk_factor,"[""sleep deprivation risk""]",Sleep Deprivation Risk is a depression-related risk_factor entity.,seed,,2026-04-10T11:06:57+00:00,2026-04-10T11:06:57+00:00
ent_005d217262fa9f5d,shift work exposure,risk_factor,"[""shift work exposure""]",Shift Work Exposure is a depression-related risk_factor entity.,seed,,2026-04-10T11:06:57+00:00,2026-04-10T11:06:57+00:00
ent_ce4ac8d9f3a3d5a8,circadian disruption risk,risk_factor,"[""circadian disruption risk""]",Circadian Disruption Risk is a depression-related risk_factor entity.,seed,,2026-04-10T11:06:57+00:00,2026-04-10T11:06:57+00:00
ent_f860717cc873faf9,sedentary lifestyle,risk_factor,"[""sedentary lifestyle""]",Sedentary Lifestyle is a depression-related risk_factor entity.,seed,,2026-04-10T11:06:57+00:00,2026-04-10T11:06:57+00:00
ent_07bfee8ebc420e70,poor diet quality,risk_factor,"[""poor diet quality""]",Poor Diet Quality is a depression-related risk_factor entity.,seed,,2026-04-10T11:06:57+00:00,2026-04-10T11:06:57+00:00
ent_23a83ca62083e2ac,alcohol misuse,risk_factor,"[""alcohol misuse""]",Alcohol Misuse is a depression-related risk_factor entity.,seed,,2026-04-10T11:06:57+00:00,2026-04-10T11:06:57+00:00
ent_af98c56ff4d032db,substance misuse,risk_factor,"[""substance misuse""]",Substance Misuse is a depression-related risk_factor entity.,seed,,2026-04-10T11:06:57+00:00,2026-04-10T11:06:57+00:00
ent_aa7b05c3d3e315d6,nicotine dependence,risk_factor,"[""nicotine dependence""]",Nicotine Dependence is a depression-related risk_factor entity.,seed,,2026-04-10T11:06:57+00:00,2026-04-10T11:06:57+00:00
ent_def8b71ad598b2a0,chronic pain,risk_factor,"[""chronic pain""]",Chronic Pain is a depression-related risk_factor entity.,seed,,2026-04-10T11:06:57+00:00,2026-04-10T11:06:57+00:00
ent_950c25f929638c87,inflammatory burden,risk_factor,"[""inflammatory burden""]",Inflammatory Burden is a depression-related risk_factor entity.,seed,,2026-04-10T11:06:57+00:00,2026-04-10T11:06:57+00:00
ent_6073cbe8d958ba19,metabolic syndrome,risk_factor,"[""metabolic syndrome""]",Metabolic Syndrome is a depression-related risk_factor entity.,seed,,2026-04-10T11:06:57+00:00,2026-04-10T11:06:57+00:00
ent_91664903f0b1a126,obesity,risk_factor,"[""obesity""]",Obesity is a depression-related risk_factor entity.,seed,,2026-04-10T11:06:57+00:00,2026-04-10T11:06:57+00:00
ent_8bd2cc12172c73e1,diabetes mellitus,risk_factor,"[""diabetes mellitus""]",Diabetes Mellitus is a depression-related risk_factor entity.,seed,,2026-04-10T11:06:57+00:00,2026-04-10T11:06:57+00:00
ent_8545dcf536100e65,cardiovascular disease,risk_factor,"[""cardiovascular disease""]",Cardiovascular Disease is a depression-related risk_factor entity.,seed,,2026-04-10T11:06:57+00:00,2026-04-10T11:06:57+00:00
ent_ef30cc480d17752d,thyroid dysfunction,risk_factor,"[""thyroid dysfunction""]",Thyroid Dysfunction is a depression-related risk_factor entity.,seed,,2026-04-10T11:06:57+00:00,2026-04-10T11:06:57+00:00
ent_f1147392ae8733f8,vitamin d deficiency,risk_factor,"[""vitamin d deficiency""]",Vitamin D Deficiency is a depression-related risk_factor entity.,seed,,2026-04-10T11:06:57+00:00,2026-04-10T11:06:57+00:00
ent_b4ae81f511e057ad,iron deficiency,risk_factor,"[""iron deficiency""]",Iron Deficiency is a depression-related risk_factor entity.,seed,,2026-04-10T11:06:57+00:00,2026-04-10T11:06:57+00:00
ent_56038d565dace765,postpartum hormonal fluctuation,risk_factor,"[""postpartum hormonal fluctuation""]",Postpartum Hormonal Fluctuation is a depression-related risk_factor entity.,seed,,2026-04-10T11:06:57+00:00,2026-04-10T11:06:57+00:00
ent_0d4e29ad862c0570,perimenopausal hormonal change,risk_factor,"[""perimenopausal hormonal change""]",Perimenopausal Hormonal Change is a depression-related risk_factor entity.,seed,,2026-04-10T11:06:57+00:00,2026-04-10T11:06:57+00:00
ent_d71e4449108b20e2,genetic vulnerability,risk_factor,"[""genetic vulnerability""]",Genetic Vulnerability is a depression-related risk_factor entity.,seed,,2026-04-10T11:06:57+00:00,2026-04-10T11:06:57+00:00
ent_5af6a4cdeb3fbd4c,polygenic risk,risk_factor,"[""polygenic risk""]",Polygenic Risk is a depression-related risk_factor entity.,seed,,2026-04-10T11:06:57+00:00,2026-04-10T11:06:57+00:00
ent_81aabc164ae4c66f,family psychiatric history,risk_factor,"[""family psychiatric history""]",Family Psychiatric History is a depression-related risk_factor entity.,seed,,2026-04-10T11:06:57+00:00,2026-04-10T11:06:57+00:00
ent_ee9c01a98aee7ee5,comorbid anxiety disorder,risk_factor,"[""comorbid anxiety disorder""]",Comorbid Anxiety Disorder is a depression-related risk_factor entity.,seed,,2026-04-10T11:06:57+00:00,2026-04-10T11:06:57+00:00
ent_6d2a0cd439b3d9ae,personality vulnerability,risk_factor,"[""personality vulnerability""]",Personality Vulnerability is a depression-related risk_factor entity.,seed,,2026-04-10T11:06:57+00:00,2026-04-10T11:06:57+00:00
ent_39791743c1e9a145,high neuroticism,risk_factor,"[""high neuroticism""]",High Neuroticism is a depression-related risk_factor entity.,seed,,2026-04-10T11:06:57+00:00,2026-04-10T11:06:57+00:00
ent_795da06b0a6e8f9e,perfectionism trait,risk_factor,"[""perfectionism trait""]",Perfectionism Trait is a depression-related risk_factor entity.,seed,,2026-04-10T11:06:57+00:00,2026-04-10T11:06:57+00:00
ent_d950504bf0161db9,rumination tendency,risk_factor,"[""rumination tendency""]",Rumination Tendency is a depression-related risk_factor entity.,seed,,2026-04-10T11:06:57+00:00,2026-04-10T11:06:57+00:00
ent_c91a487f41c050fb,negative cognitive bias,risk_factor,"[""negative cognitive bias""]",Negative Cognitive Bias is a depression-related risk_factor entity.,seed,,2026-04-10T11:06:57+00:00,2026-04-10T11:06:57+00:00
ent_b43101edb0847777,learned helplessness pattern,risk_factor,"[""learned helplessness pattern""]",Learned Helplessness Pattern is a depression-related risk_factor entity.,seed,,2026-04-10T11:06:57+00:00,2026-04-10T11:06:57+00:00
ent_37dc25b250228e3b,stigma exposure,risk_factor,"[""stigma exposure""]",Stigma Exposure is a depression-related risk_factor entity.,seed,,2026-04-10T11:06:57+00:00,2026-04-10T11:06:57+00:00
ent_85ed04e549a58212,limited access to care,risk_factor,"[""limited access to care""]",Limited Access To Care is a depression-related risk_factor entity.,seed,,2026-04-10T11:06:57+00:00,2026-04-10T11:06:57+00:00
ent_c37e5e083306468e,treatment nonadherence risk,risk_factor,"[""treatment nonadherence risk""]",Treatment Nonadherence Risk is a depression-related risk_factor entity.,seed,,2026-04-10T11:06:57+00:00,2026-04-10T11:06:57+00:00
ent_1971fa9999448b63,behavioral activation therapy,treatment,"[""behavioral activation therapy""]",Behavioral Activation Therapy is a depression-related treatment entity.,seed,,2026-04-10T11:06:57+00:00,2026-04-10T11:06:57+00:00
ent_41ba3cbeaac055b3,interpersonal psychotherapy,treatment,"[""interpersonal psychotherapy""]",Interpersonal Psychotherapy is a depression-related treatment entity.,seed,,2026-04-10T11:06:57+00:00,2026-04-10T11:06:57+00:00
ent_4bfb0e39377d38fb,problem-solving therapy,treatment,"[""problem-solving therapy""]",Problem-Solving Therapy is a depression-related treatment entity.,seed,,2026-04-10T11:06:57+00:00,2026-04-10T11:06:57+00:00
ent_d8e4ae8e171ff91a,acceptance and commitment therapy,treatment,"[""acceptance and commitment therapy""]",Acceptance And Commitment Therapy is a depression-related treatment entity.,seed,,2026-04-10T11:06:57+00:00,2026-04-10T11:06:57+00:00
ent_3a8b71d78531e47e,dialectical behavior therapy,treatment,"[""dialectical behavior therapy""]",Dialectical Behavior Therapy is a depression-related treatment entity.,seed,,2026-04-10T11:06:57+00:00,2026-04-10T11:06:57+00:00
ent_d7b03fba85bcbd39,mindfulness-based cognitive therapy,treatment,"[""mindfulness-based cognitive therapy""]",Mindfulness-Based Cognitive Therapy is a depression-related treatment entity.,seed,,2026-04-10T11:06:57+00:00,2026-04-10T11:06:57+00:00
ent_87f549bf9d0939f9,metacognitive therapy,treatment,"[""metacognitive therapy""]",Metacognitive Therapy is a depression-related treatment entity.,seed,,2026-04-10T11:06:57+00:00,2026-04-10T11:06:57+00:00
ent_01d21fcb72a0410a,schema therapy,treatment,"[""schema therapy""]",Schema Therapy is a depression-related treatment entity.,seed,,2026-04-10T11:06:57+00:00,2026-04-10T11:06:57+00:00
ent_86bde491543684b5,compassion-focused therapy,treatment,"[""compassion-focused therapy""]",Compassion-Focused Therapy is a depression-related treatment entity.,seed,,2026-04-10T11:06:57+00:00,2026-04-10T11:06:57+00:00
ent_54d77dda71856262,short-term psychodynamic therapy,treatment,"[""short-term psychodynamic therapy""]",Short-Term Psychodynamic Therapy is a depression-related treatment entity.,seed,,2026-04-10T11:06:57+00:00,2026-04-10T11:06:57+00:00
ent_2b144cf70f3c053b,supportive psychotherapy,treatment,"[""supportive psychotherapy""]",Supportive Psychotherapy is a depression-related treatment entity.,seed,,2026-04-10T11:06:57+00:00,2026-04-10T11:06:57+00:00
ent_2dd9381d546507ce,group psychotherapy,treatment,"[""group psychotherapy""]",Group Psychotherapy is a depression-related treatment entity.,seed,,2026-04-10T11:06:57+00:00,2026-04-10T11:06:57+00:00
ent_0de0726193720de8,family therapy,treatment,"[""family therapy""]",Family Therapy is a depression-related treatment entity.,seed,,2026-04-10T11:06:57+00:00,2026-04-10T11:06:57+00:00
ent_6176365d9f79f001,couples therapy,treatment,"[""couples therapy""]",Couples Therapy is a depression-related treatment entity.,seed,,2026-04-10T11:06:57+00:00,2026-04-10T11:06:57+00:00
ent_dfb34623a626a67f,collaborative care model,treatment,"[""collaborative care model""]",Collaborative Care Model is a depression-related treatment entity.,seed,,2026-04-10T11:06:57+00:00,2026-04-10T11:06:57+00:00
ent_e3c94fa1293e5590,stepped care model,treatment,"[""stepped care model""]",Stepped Care Model is a depression-related treatment entity.,seed,,2026-04-10T11:06:57+00:00,2026-04-10T11:06:57+00:00
ent_654f10ba5e6c36a5,digital cognitive behavioral therapy,treatment,"[""digital cognitive behavioral therapy""]",Digital Cognitive Behavioral Therapy is a depression-related treatment entity.,seed,,2026-04-10T11:06:57+00:00,2026-04-10T11:06:57+00:00
ent_eb55ea259ad3b65c,internet-based psychotherapy,treatment,"[""internet-based psychotherapy""]",Internet-Based Psychotherapy is a depression-related treatment entity.,seed,,2026-04-10T11:06:57+00:00,2026-04-10T11:06:57+00:00
ent_8df97869545d0c2d,guided self-help therapy,treatment,"[""guided self-help therapy""]",Guided Self-Help Therapy is a depression-related treatment entity.,seed,,2026-04-10T11:06:57+00:00,2026-04-10T11:06:57+00:00
ent_fa4da587d325610d,exercise prescription,treatment,"[""exercise prescription""]",Exercise Prescription is a depression-related treatment entity.,seed,,2026-04-10T11:06:57+00:00,2026-04-10T11:06:57+00:00
ent_79dee172400c3c41,aerobic exercise intervention,treatment,"[""aerobic exercise intervention""]",Aerobic Exercise Intervention is a depression-related treatment entity.,seed,,2026-04-10T11:06:57+00:00,2026-04-10T11:06:57+00:00
ent_a1ac99626b5a9a66,resistance training intervention,treatment,"[""resistance training intervention""]",Resistance Training Intervention is a depression-related treatment entity.,seed,,2026-04-10T11:06:57+00:00,2026-04-10T11:06:57+00:00
ent_0107e3aefebeee77,sleep hygiene intervention,treatment,"[""sleep hygiene intervention""]",Sleep Hygiene Intervention is a depression-related treatment entity.,seed,,2026-04-10T11:06:57+00:00,2026-04-10T11:06:57+00:00
ent_8cd42a15418513d5,chronotherapy,treatment,"[""chronotherapy""]",Chronotherapy is a depression-related treatment entity.,seed,,2026-04-10T11:06:57+00:00,2026-04-10T11:06:57+00:00
ent_5ac4ec3a6fe2c55b,light therapy,treatment,"[""light therapy""]",Light Therapy is a depression-related treatment entity.,seed,,2026-04-10T11:06:57+00:00,2026-04-10T11:06:57+00:00
ent_19c6de86c3a0c407,wake therapy,treatment,"[""wake therapy""]",Wake Therapy is a depression-related treatment entity.,seed,,2026-04-10T11:06:57+00:00,2026-04-10T11:06:57+00:00
ent_a5f9fe6c7eb80432,cognitive remediation,treatment,"[""cognitive remediation""]",Cognitive Remediation is a depression-related treatment entity.,seed,,2026-04-10T11:06:57+00:00,2026-04-10T11:06:57+00:00
ent_66180fdc131ee2f2,social rhythm therapy,treatment,"[""social rhythm therapy""]",Social Rhythm Therapy is a depression-related treatment entity.,seed,,2026-04-10T11:06:57+00:00,2026-04-10T11:06:57+00:00
ent_5010e83d19414d0b,psychoeducation intervention,treatment,"[""psychoeducation intervention""]",Psychoeducation Intervention is a depression-related treatment entity.,seed,,2026-04-10T11:06:57+00:00,2026-04-10T11:06:57+00:00
ent_621b25116144981c,medication management,treatment,"[""medication management""]",Medication Management is a depression-related treatment entity.,seed,,2026-04-10T11:06:57+00:00,2026-04-10T11:06:57+00:00
ent_4bc64096c4d42f6d,combination therapy,treatment,"[""combination therapy""]",Combination Therapy is a depression-related treatment entity.,seed,,2026-04-10T11:06:57+00:00,2026-04-10T11:06:57+00:00
ent_e867842ca1a7bd6b,augmentation strategy,treatment,"[""augmentation strategy""]",Augmentation Strategy is a depression-related treatment entity.,seed,,2026-04-10T11:06:57+00:00,2026-04-10T11:06:57+00:00
ent_f40a4417e2b47053,maintenance therapy,treatment,"[""maintenance therapy""]",Maintenance Therapy is a depression-related treatment entity.,seed,,2026-04-10T11:06:57+00:00,2026-04-10T11:06:57+00:00
ent_c3939252418f2150,relapse prevention program,treatment,"[""relapse prevention program""]",Relapse Prevention Program is a depression-related treatment entity.,seed,,2026-04-10T11:06:57+00:00,2026-04-10T11:06:57+00:00
ent_cc09d47eca6ee40d,measurement-based care,treatment,"[""measurement-based care""]",Measurement-Based Care is a depression-related treatment entity.,seed,,2026-04-10T11:06:57+00:00,2026-04-10T11:06:57+00:00
ent_c12488c1805f9b4e,transcranial direct current stimulation,treatment,"[""transcranial direct current stimulation""]",Transcranial Direct Current Stimulation is a depression-related treatment entity.,seed,,2026-04-10T11:06:57+00:00,2026-04-10T11:06:57+00:00
ent_55e9af46981093a4,vagus nerve stimulation,treatment,"[""vagus nerve stimulation""]",Vagus Nerve Stimulation is a depression-related treatment entity.,seed,,2026-04-10T11:06:57+00:00,2026-04-10T11:06:57+00:00
ent_8be5e3cb75efc93a,deep brain stimulation,treatment,"[""deep brain stimulation""]",Deep Brain Stimulation is a depression-related treatment entity.,seed,,2026-04-10T11:06:57+00:00,2026-04-10T11:06:57+00:00
ent_123aea1d40190772,ketamine-assisted therapy,treatment,"[""ketamine-assisted therapy""]",Ketamine-Assisted Therapy is a depression-related treatment entity.,seed,,2026-04-10T11:06:57+00:00,2026-04-10T11:06:57+00:00
ent_cc76b5699979f1c9,esketamine therapy,treatment,"[""esketamine therapy""]",Esketamine Therapy is a depression-related treatment entity.,seed,,2026-04-10T11:06:57+00:00,2026-04-10T11:06:57+00:00
ent_70931d60bfcb8a83,citalopram,drug,"[""citalopram""]",Citalopram is a depression-related drug entity.,seed,,2026-04-10T11:06:57+00:00,2026-04-10T11:06:57+00:00
ent_86a39be4bbb7091f,fluvoxamine,drug,"[""fluvoxamine""]",Fluvoxamine is a depression-related drug entity.,seed,,2026-04-10T11:06:57+00:00,2026-04-10T11:06:57+00:00
ent_c7dee58db7047c0e,duloxetine,drug,"[""duloxetine""]",Duloxetine is a depression-related drug entity.,seed,,2026-04-10T11:06:57+00:00,2026-04-10T11:06:57+00:00
ent_daff5094d0364845,desvenlafaxine,drug,"[""desvenlafaxine""]",Desvenlafaxine is a depression-related drug entity.,seed,,2026-04-10T11:06:57+00:00,2026-04-10T11:06:57+00:00
ent_df776922c0b3318f,levomilnacipran,drug,"[""levomilnacipran""]",Levomilnacipran is a depression-related drug entity.,seed,,2026-04-10T11:06:57+00:00,2026-04-10T11:06:57+00:00
ent_14660fb678109541,milnacipran,drug,"[""milnacipran""]",Milnacipran is a depression-related drug entity.,seed,,2026-04-10T11:06:57+00:00,2026-04-10T11:06:57+00:00
ent_490d446d75e2395a,mirtazapine,drug,"[""mirtazapine""]",Mirtazapine is a depression-related drug entity.,seed,,2026-04-10T11:06:57+00:00,2026-04-10T11:06:57+00:00
ent_c68d2586ea60aca8,agomelatine,drug,"[""agomelatine""]",Agomelatine is a depression-related drug entity.,seed,,2026-04-10T11:06:57+00:00,2026-04-10T11:06:57+00:00
ent_97d668704b381ad2,vortioxetine,drug,"[""vortioxetine""]",Vortioxetine is a depression-related drug entity.,seed,,2026-04-10T11:06:57+00:00,2026-04-10T11:06:57+00:00
ent_bee83a939a15826f,vilazodone,drug,"[""vilazodone""]",Vilazodone is a depression-related drug entity.,seed,,2026-04-10T11:06:57+00:00,2026-04-10T11:06:57+00:00
ent_efc41ac958a3d37e,trazodone,drug,"[""trazodone""]",Trazodone is a depression-related drug entity.,seed,,2026-04-10T11:06:57+00:00,2026-04-10T11:06:57+00:00
ent_282c35d3a4e92542,nefazodone,drug,"[""nefazodone""]",Nefazodone is a depression-related drug entity.,seed,,2026-04-10T11:06:57+00:00,2026-04-10T11:06:57+00:00
ent_6cd0cd4ebfd55673,reboxetine,drug,"[""reboxetine""]",Reboxetine is a depression-related drug entity.,seed,,2026-04-10T11:06:57+00:00,2026-04-10T11:06:57+00:00
ent_7a14db58c249685c,maprotiline,drug,"[""maprotiline""]",Maprotiline is a depression-related drug entity.,seed,,2026-04-10T11:06:57+00:00,2026-04-10T11:06:57+00:00
ent_013bee7bf93447fb,amitriptyline,drug,"[""amitriptyline""]",Amitriptyline is a depression-related drug entity.,seed,,2026-04-10T11:06:57+00:00,2026-04-10T11:06:57+00:00
ent_cb74fb873316ab91,nortriptyline,drug,"[""nortriptyline""]",Nortriptyline is a depression-related drug entity.,seed,,2026-04-10T11:06:57+00:00,2026-04-10T11:06:57+00:00
ent_3b10eabe62fe170a,imipramine,drug,"[""imipramine""]",Imipramine is a depression-related drug entity.,seed,,2026-04-10T11:06:57+00:00,2026-04-10T11:06:57+00:00
ent_006f47bd80246f7b,clomipramine,drug,"[""clomipramine""]",Clomipramine is a depression-related drug entity.,seed,,2026-04-10T11:06:57+00:00,2026-04-10T11:06:57+00:00
ent_dca71f9e4af0fa70,desipramine,drug,"[""desipramine""]",Desipramine is a depression-related drug entity.,seed,,2026-04-10T11:06:57+00:00,2026-04-10T11:06:57+00:00
ent_3814525de3c93a83,doxepin,drug,"[""doxepin""]",Doxepin is a depression-related drug entity.,seed,,2026-04-10T11:06:57+00:00,2026-04-10T11:06:57+00:00
ent_4645690082ae6fec,trimipramine,drug,"[""trimipramine""]",Trimipramine is a depression-related drug entity.,seed,,2026-04-10T11:06:57+00:00,2026-04-10T11:06:57+00:00
ent_77fd5d4611bd323e,protriptyline,drug,"[""protriptyline""]",Protriptyline is a depression-related drug entity.,seed,,2026-04-10T11:06:57+00:00,2026-04-10T11:06:57+00:00
ent_e97e085560c58a49,phenelzine,drug,"[""phenelzine""]",Phenelzine is a depression-related drug entity.,seed,,2026-04-10T11:06:57+00:00,2026-04-10T11:06:57+00:00
ent_cd37750e8a271356,tranylcypromine,drug,"[""tranylcypromine""]",Tranylcypromine is a depression-related drug entity.,seed,,2026-04-10T11:06:57+00:00,2026-04-10T11:06:57+00:00
ent_4937aa481105d6d4,isocarboxazid,drug,"[""isocarboxazid""]",Isocarboxazid is a depression-related drug entity.,seed,,2026-04-10T11:06:57+00:00,2026-04-10T11:06:57+00:00
ent_131480037b41daf9,moclobemide,drug,"[""moclobemide""]",Moclobemide is a depression-related drug entity.,seed,,2026-04-10T11:06:57+00:00,2026-04-10T11:06:57+00:00
ent_7ab1c94b60a15c94,selegiline transdermal system,drug,"[""selegiline transdermal system""]",Selegiline Transdermal System is a depression-related drug entity.,seed,,2026-04-10T11:06:57+00:00,2026-04-10T11:06:57+00:00
ent_03dc6e1454fa2741,lithium augmentation,drug,"[""lithium augmentation""]",Lithium Augmentation is a depression-related drug entity.,seed,,2026-04-10T11:06:57+00:00,2026-04-10T11:06:57+00:00
ent_1577787c5089888c,aripiprazole augmentation,drug,"[""aripiprazole augmentation""]",Aripiprazole Augmentation is a depression-related drug entity.,seed,,2026-04-10T11:06:57+00:00,2026-04-10T11:06:57+00:00
ent_20a2739d23b99cf1,quetiapine augmentation,drug,"[""quetiapine augmentation""]",Quetiapine Augmentation is a depression-related drug entity.,seed,,2026-04-10T11:06:57+00:00,2026-04-10T11:06:57+00:00
ent_c7a978cfbca785ae,brexpiprazole augmentation,drug,"[""brexpiprazole augmentation""]",Brexpiprazole Augmentation is a depression-related drug entity.,seed,,2026-04-10T11:06:57+00:00,2026-04-10T11:06:57+00:00
ent_13fddd4ac74eebc8,olanzapine-fluoxetine combination,drug,"[""olanzapine-fluoxetine combination""]",Olanzapine-Fluoxetine Combination is a depression-related drug entity.,seed,,2026-04-10T11:06:57+00:00,2026-04-10T11:06:57+00:00
ent_4e0a572dcbc16aee,lamotrigine augmentation,drug,"[""lamotrigine augmentation""]",Lamotrigine Augmentation is a depression-related drug entity.,seed,,2026-04-10T11:06:57+00:00,2026-04-10T11:06:57+00:00
ent_3e5a7aa07e9c6528,buspirone augmentation,drug,"[""buspirone augmentation""]",Buspirone Augmentation is a depression-related drug entity.,seed,,2026-04-10T11:06:57+00:00,2026-04-10T11:06:57+00:00
ent_2f6c3be0232e4c8e,thyroid hormone augmentation,drug,"[""thyroid hormone augmentation""]",Thyroid Hormone Augmentation is a depression-related drug entity.,seed,,2026-04-10T11:06:57+00:00,2026-04-10T11:06:57+00:00
ent_f2fafd6bc408e5f8,ketamine infusion,drug,"[""ketamine infusion""]",Ketamine Infusion is a depression-related drug entity.,seed,,2026-04-10T11:06:57+00:00,2026-04-10T11:06:57+00:00
ent_4428880c49f411b0,esketamine nasal spray,drug,"[""esketamine nasal spray""]",Esketamine Nasal Spray is a depression-related drug entity.,seed,,2026-04-10T11:06:57+00:00,2026-04-10T11:06:57+00:00
ent_bd7dec7ab2a4c8a2,modafinil augmentation,drug,"[""modafinil augmentation""]",Modafinil Augmentation is a depression-related drug entity.,seed,,2026-04-10T11:06:57+00:00,2026-04-10T11:06:57+00:00
ent_859a31bc29af7584,methylphenidate augmentation,drug,"[""methylphenidate augmentation""]",Methylphenidate Augmentation is a depression-related drug entity.,seed,,2026-04-10T11:06:57+00:00,2026-04-10T11:06:57+00:00
ent_fd4c6f5ac4a589f4,quick inventory of depressive symptomatology,scale,"[""quick inventory of depressive symptomatology""]",Quick Inventory Of Depressive Symptomatology is a depression-related scale entity.,seed,,2026-04-10T11:06:57+00:00,2026-04-10T11:06:57+00:00
ent_1d9d2b7f89e57eea,qids,scale,"[""qids""]",Qids is a depression-related scale entity.,seed,,2026-04-10T11:06:57+00:00,2026-04-10T11:06:57+00:00
ent_b875dbbd200a1e8a,patient health questionnaire-8,scale,"[""patient health questionnaire-8""]",Patient Health Questionnaire-8 is a depression-related scale entity.,seed,,2026-04-10T11:06:57+00:00,2026-04-10T11:06:57+00:00
ent_8dbffe009809fcc3,phq-8,scale,"[""phq-8""]",Phq-8 is a depression-related scale entity.,seed,,2026-04-10T11:06:57+00:00,2026-04-10T11:06:57+00:00
ent_085b0458fb662249,center for epidemiologic studies depression scale,scale,"[""center for epidemiologic studies depression scale""]",Center For Epidemiologic Studies Depression Scale is a depression-related scale entity.,seed,,2026-04-10T11:06:57+00:00,2026-04-10T11:06:57+00:00
ent_21d732bd14f33ffe,ces-d scale,scale,"[""ces-d scale""]",Ces-D Scale is a depression-related scale entity.,seed,,2026-04-10T11:06:57+00:00,2026-04-10T11:06:57+00:00
ent_939bc12ea24abdd6,zung self-rating depression scale,scale,"[""zung self-rating depression scale""]",Zung Self-Rating Depression Scale is a depression-related scale entity.,seed,,2026-04-10T11:06:57+00:00,2026-04-10T11:06:57+00:00
ent_bbc2379f0e8069f3,sds depression scale,scale,"[""sds depression scale""]",Sds Depression Scale is a depression-related scale entity.,seed,,2026-04-10T11:06:57+00:00,2026-04-10T11:06:57+00:00
ent_feed2dc85a423fd3,geriatric depression scale,scale,"[""geriatric depression scale""]",Geriatric Depression Scale is a depression-related scale entity.,seed,,2026-04-10T11:06:57+00:00,2026-04-10T11:06:57+00:00
ent_546432002ae7a2b7,gds-15,scale,"[""gds-15""]",Gds-15 is a depression-related scale entity.,seed,,2026-04-10T11:06:57+00:00,2026-04-10T11:06:57+00:00
ent_e1ce429480699118,gds-30,scale,"[""gds-30""]",Gds-30 is a depression-related scale entity.,seed,,2026-04-10T11:06:57+00:00,2026-04-10T11:06:57+00:00
ent_92d315d3da55995a,edinburgh postnatal depression scale,scale,"[""edinburgh postnatal depression scale""]",Edinburgh Postnatal Depression Scale is a depression-related scale entity.,seed,,2026-04-10T11:06:57+00:00,2026-04-10T11:06:57+00:00
ent_fc193a1de4f53c5a,epds,scale,"[""epds""]",Epds is a depression-related scale entity.,seed,,2026-04-10T11:06:57+00:00,2026-04-10T11:06:57+00:00
ent_6589225d1dd90d17,hospital depression subscale,scale,"[""hospital depression subscale""]",Hospital Depression Subscale is a depression-related scale entity.,seed,,2026-04-10T11:06:57+00:00,2026-04-10T11:06:57+00:00
ent_3915d98f56df7d84,inventory of depressive symptomatology,scale,"[""inventory of depressive symptomatology""]",Inventory Of Depressive Symptomatology is a depression-related scale entity.,seed,,2026-04-10T11:06:57+00:00,2026-04-10T11:06:57+00:00
ent_012f48e4d82b7f86,ids,scale,"[""ids""]",Ids is a depression-related scale entity.,seed,,2026-04-10T11:06:57+00:00,2026-04-10T11:06:57+00:00
ent_39ea3a838786f37a,ids-sr,scale,"[""ids-sr""]",Ids-Sr is a depression-related scale entity.,seed,,2026-04-10T11:06:57+00:00,2026-04-10T11:06:57+00:00
ent_5772f277c259828e,hamilton anxiety scale,scale,"[""hamilton anxiety scale""]",Hamilton Anxiety Scale is a depression-related scale entity.,seed,,2026-04-10T11:06:57+00:00,2026-04-10T11:06:57+00:00
ent_8fe43c99f3011420,hama,scale,"[""hama""]",Hama is a depression-related scale entity.,seed,,2026-04-10T11:06:57+00:00,2026-04-10T11:06:57+00:00
ent_c9a17f16d1df59fb,clinical global impression severity,scale,"[""clinical global impression severity""]",Clinical Global Impression Severity is a depression-related scale entity.,seed,,2026-04-10T11:06:57+00:00,2026-04-10T11:06:57+00:00
ent_7b434accaa81bd5c,cgi-s,scale,"[""cgi-s""]",Cgi-S is a depression-related scale entity.,seed,,2026-04-10T11:06:57+00:00,2026-04-10T11:06:57+00:00
ent_c228b3efd5b12425,clinical global impression improvement,scale,"[""clinical global impression improvement""]",Clinical Global Impression Improvement is a depression-related scale entity.,seed,,2026-04-10T11:06:57+00:00,2026-04-10T11:06:57+00:00
ent_1467eacfa3f8e659,cgi-i,scale,"[""cgi-i""]",Cgi-I is a depression-related scale entity.,seed,,2026-04-10T11:06:57+00:00,2026-04-10T11:06:57+00:00
ent_7151a46d8c999acc,columbia suicide severity rating scale,scale,"[""columbia suicide severity rating scale""]",Columbia Suicide Severity Rating Scale is a depression-related scale entity.,seed,,2026-04-10T11:06:57+00:00,2026-04-10T11:06:57+00:00
ent_239dad845f54ce25,cssrs,scale,"[""cssrs""]",Cssrs is a depression-related scale entity.,seed,,2026-04-10T11:06:57+00:00,2026-04-10T11:06:57+00:00
ent_55dc96f39a7a627e,beck scale for suicide ideation,scale,"[""beck scale for suicide ideation""]",Beck Scale For Suicide Ideation is a depression-related scale entity.,seed,,2026-04-10T11:06:57+00:00,2026-04-10T11:06:57+00:00
ent_ffbe95ca1a4ba068,bss,scale,"[""bss""]",Bss is a depression-related scale entity.,seed,,2026-04-10T11:06:57+00:00,2026-04-10T11:06:57+00:00
ent_0132693a8f68eed2,suicidal ideation attributes scale,scale,"[""suicidal ideation attributes scale""]",Suicidal Ideation Attributes Scale is a depression-related scale entity.,seed,,2026-04-10T11:06:57+00:00,2026-04-10T11:06:57+00:00
ent_44f603e4268c93de,sidas,scale,"[""sidas""]",Sidas is a depression-related scale entity.,seed,,2026-04-10T11:06:57+00:00,2026-04-10T11:06:57+00:00
ent_88ca36e3c381c858,quality of life enjoyment and satisfaction questionnaire,scale,"[""quality of life enjoyment and satisfaction questionnaire""]",Quality Of Life Enjoyment And Satisfaction Questionnaire is a depression-related scale entity.,seed,,2026-04-10T11:06:57+00:00,2026-04-10T11:06:57+00:00
ent_5ae50628404bc348,q-les-q,scale,"[""q-les-q""]",Q-Les-Q is a depression-related scale entity.,seed,,2026-04-10T11:06:57+00:00,2026-04-10T11:06:57+00:00
ent_ab9c6117063da796,sheehan disability scale,scale,"[""sheehan disability scale""]",Sheehan Disability Scale is a depression-related scale entity.,seed,,2026-04-10T11:06:57+00:00,2026-04-10T11:06:57+00:00
ent_64c40cf0b288ba56,sds disability,scale,"[""sds disability""]",Sds Disability is a depression-related scale entity.,seed,,2026-04-10T11:06:57+00:00,2026-04-10T11:06:57+00:00
ent_bebba5510699c85a,work and social adjustment scale,scale,"[""work and social adjustment scale""]",Work And Social Adjustment Scale is a depression-related scale entity.,seed,,2026-04-10T11:06:57+00:00,2026-04-10T11:06:57+00:00
ent_475ea8af5b5dcb7b,wsas,scale,"[""wsas""]",Wsas is a depression-related scale entity.,seed,,2026-04-10T11:06:57+00:00,2026-04-10T11:06:57+00:00
ent_ec1cddd78c03eede,insomnia severity index,scale,"[""insomnia severity index""]",Insomnia Severity Index is a depression-related scale entity.,seed,,2026-04-10T11:06:57+00:00,2026-04-10T11:06:57+00:00
ent_6cf0943fa44477b8,isi,scale,"[""isi""]",Isi is a depression-related scale entity.,seed,,2026-04-10T11:06:57+00:00,2026-04-10T11:06:57+00:00
ent_7bcce8f29b0c43cc,pittsburgh sleep quality index,scale,"[""pittsburgh sleep quality index""]",Pittsburgh Sleep Quality Index is a depression-related scale entity.,seed,,2026-04-10T11:06:57+00:00,2026-04-10T11:06:57+00:00
ent_af1dff1ccbeb8a23,psqi,scale,"[""psqi""]",Psqi is a depression-related scale entity.,seed,,2026-04-10T11:06:57+00:00,2026-04-10T11:06:57+00:00
ent_21a19fbb3df31534,epworth sleepiness scale,scale,"[""epworth sleepiness scale""]",Epworth Sleepiness Scale is a depression-related scale entity.,seed,,2026-04-10T11:06:57+00:00,2026-04-10T11:06:57+00:00
ent_9a46a1b746498d6a,ess,scale,"[""ess""]",Ess is a depression-related scale entity.,seed,,2026-04-10T11:06:57+00:00,2026-04-10T11:06:57+00:00
ent_fe886021f755810b,montreal cognitive assessment,scale,"[""montreal cognitive assessment""]",Montreal Cognitive Assessment is a depression-related scale entity.,seed,,2026-04-10T11:06:57+00:00,2026-04-10T11:06:57+00:00
ent_aed38998b0d50cdf,moca,scale,"[""moca""]",Moca is a depression-related scale entity.,seed,,2026-04-10T11:06:57+00:00,2026-04-10T11:06:57+00:00
ent_cf1c0a735e09d718,mini-mental state examination,scale,"[""mini-mental state examination""]",Mini-Mental State Examination is a depression-related scale entity.,seed,,2026-04-10T11:06:57+00:00,2026-04-10T11:06:57+00:00
ent_f9d90fce8ff33ed4,mmse,scale,"[""mmse""]",Mmse is a depression-related scale entity.,seed,,2026-04-10T11:06:57+00:00,2026-04-10T11:06:57+00:00
ent_faec752fdc72e960,brain-derived neurotrophic factor,biomarker,"[""brain-derived neurotrophic factor""]",Brain-Derived Neurotrophic Factor is a depression-related biomarker entity.,seed,,2026-04-10T11:06:57+00:00,2026-04-10T11:06:57+00:00
ent_75d7eabbe0ff8930,bdnf,biomarker,"[""bdnf""]",Bdnf is a depression-related biomarker entity.,seed,,2026-04-10T11:06:57+00:00,2026-04-10T11:06:57+00:00
ent_42d18c9cf1c6305c,c-reactive protein,biomarker,"[""c-reactive protein""]",C-Reactive Protein is a depression-related biomarker entity.,seed,,2026-04-10T11:06:57+00:00,2026-04-10T11:06:57+00:00
ent_15b696cea518fa5e,crp,biomarker,"[""crp""]",Crp is a depression-related biomarker entity.,seed,,2026-04-10T11:06:57+00:00,2026-04-10T11:06:57+00:00
ent_f1c6616a19fcccb2,interleukin-6,biomarker,"[""interleukin-6""]",Interleukin-6 is a depression-related biomarker entity.,seed,,2026-04-10T11:06:57+00:00,2026-04-10T11:06:57+00:00
ent_614e63acbf711ed8,il-6,biomarker,"[""il-6""]",Il-6 is a depression-related biomarker entity.,seed,,2026-04-10T11:06:57+00:00,2026-04-10T11:06:57+00:00
ent_f6855655469fc229,tumor necrosis factor alpha,biomarker,"[""tumor necrosis factor alpha""]",Tumor Necrosis Factor Alpha is a depression-related biomarker entity.,seed,,2026-04-10T11:06:57+00:00,2026-04-10T11:06:57+00:00
ent_69e3d1326e31dec1,tnf-alpha,biomarker,"[""tnf-alpha""]",Tnf-Alpha is a depression-related biomarker entity.,seed,,2026-04-10T11:06:57+00:00,2026-04-10T11:06:57+00:00
ent_6521a2b56ab799c4,interleukin-1 beta,biomarker,"[""interleukin-1 beta""]",Interleukin-1 Beta is a depression-related biomarker entity.,seed,,2026-04-10T11:06:57+00:00,2026-04-10T11:06:57+00:00
ent_2d45abc65920d7fe,il-1beta,biomarker,"[""il-1beta""]",Il-1Beta is a depression-related biomarker entity.,seed,,2026-04-10T11:06:57+00:00,2026-04-10T11:06:57+00:00
ent_ffd81c2edd6b5968,kynurenine,biomarker,"[""kynurenine""]",Kynurenine is a depression-related biomarker entity.,seed,,2026-04-10T11:06:57+00:00,2026-04-10T11:06:57+00:00
ent_b634bfbc36a53afe,kynurenine-tryptophan ratio,biomarker,"[""kynurenine-tryptophan ratio""]",Kynurenine-Tryptophan Ratio is a depression-related biomarker entity.,seed,,2026-04-10T11:06:57+00:00,2026-04-10T11:06:57+00:00
ent_d985591317483909,tryptophan,biomarker,"[""tryptophan""]",Tryptophan is a depression-related biomarker entity.,seed,,2026-04-10T11:06:57+00:00,2026-04-10T11:06:57+00:00
ent_c6ab77d496da61d4,cortisol awakening response,biomarker,"[""cortisol awakening response""]",Cortisol Awakening Response is a depression-related biomarker entity.,seed,,2026-04-10T11:06:57+00:00,2026-04-10T11:06:57+00:00
ent_1e0d3864270d034b,diurnal cortisol slope,biomarker,"[""diurnal cortisol slope""]",Diurnal Cortisol Slope is a depression-related biomarker entity.,seed,,2026-04-10T11:06:57+00:00,2026-04-10T11:06:57+00:00
ent_891165522871e755,acth,biomarker,"[""acth""]",Acth is a depression-related biomarker entity.,seed,,2026-04-10T11:06:57+00:00,2026-04-10T11:06:57+00:00
ent_85c0c6451d9ca1f0,thyroid-stimulating hormone,biomarker,"[""thyroid-stimulating hormone""]",Thyroid-Stimulating Hormone is a depression-related biomarker entity.,seed,,2026-04-10T11:06:57+00:00,2026-04-10T11:06:57+00:00
ent_f95ea48c5de02905,tsh,biomarker,"[""tsh""]",Tsh is a depression-related biomarker entity.,seed,,2026-04-10T11:06:57+00:00,2026-04-10T11:06:57+00:00
ent_3e6c030f73d0420a,free thyroxine,biomarker,"[""free thyroxine""]",Free Thyroxine is a depression-related biomarker entity.,seed,,2026-04-10T11:06:57+00:00,2026-04-10T11:06:57+00:00
ent_837b09e18b9f494d,free triiodothyronine,biomarker,"[""free triiodothyronine""]",Free Triiodothyronine is a depression-related biomarker entity.,seed,,2026-04-10T11:06:57+00:00,2026-04-10T11:06:57+00:00
ent_e50d841c4d27cede,heart rate variability,biomarker,"[""heart rate variability""]",Heart Rate Variability is a depression-related biomarker entity.,seed,,2026-04-10T11:06:57+00:00,2026-04-10T11:06:57+00:00
ent_98adb9721c574c4c,resting heart rate,biomarker,"[""resting heart rate""]",Resting Heart Rate is a depression-related biomarker entity.,seed,,2026-04-10T11:06:57+00:00,2026-04-10T11:06:57+00:00
ent_28039df94ee24c10,electrodermal activity,biomarker,"[""electrodermal activity""]",Electrodermal Activity is a depression-related biomarker entity.,seed,,2026-04-10T11:06:57+00:00,2026-04-10T11:06:57+00:00
ent_3b8c58644db4d4d9,frontal alpha asymmetry,biomarker,"[""frontal alpha asymmetry""]",Frontal Alpha Asymmetry is a depression-related biomarker entity.,seed,,2026-04-10T11:06:57+00:00,2026-04-10T11:06:57+00:00
ent_f68810c65d050f6e,default mode network connectivity,biomarker,"[""default mode network connectivity""]",Default Mode Network Connectivity is a depression-related biomarker entity.,seed,,2026-04-10T11:06:57+00:00,2026-04-10T11:06:57+00:00
ent_2d08d00976b19f87,amygdala reactivity,biomarker,"[""amygdala reactivity""]",Amygdala Reactivity is a depression-related biomarker entity.,seed,,2026-04-10T11:06:57+00:00,2026-04-10T11:06:57+00:00
ent_21825deea0942815,hippocampal volume,biomarker,"[""hippocampal volume""]",Hippocampal Volume is a depression-related biomarker entity.,seed,,2026-04-10T11:06:57+00:00,2026-04-10T11:06:57+00:00
ent_fc0bd7b26fbceae2,anterior cingulate activity,biomarker,"[""anterior cingulate activity""]",Anterior Cingulate Activity is a depression-related biomarker entity.,seed,,2026-04-10T11:06:57+00:00,2026-04-10T11:06:57+00:00
ent_5de7ceb0468628d6,reward prediction error signal,biomarker,"[""reward prediction error signal""]",Reward Prediction Error Signal is a depression-related biomarker entity.,seed,,2026-04-10T11:06:57+00:00,2026-04-10T11:06:57+00:00
ent_526296f7c065e5cc,sleep spindle activity,biomarker,"[""sleep spindle activity""]",Sleep Spindle Activity is a depression-related biomarker entity.,seed,,2026-04-10T11:06:57+00:00,2026-04-10T11:06:57+00:00
ent_da19d0b4d3bf7a32,slow wave activity,biomarker,"[""slow wave activity""]",Slow Wave Activity is a depression-related biomarker entity.,seed,,2026-04-10T11:06:57+00:00,2026-04-10T11:06:57+00:00
ent_aad988dbf55307fd,rem theta activity,biomarker,"[""rem theta activity""]",Rem Theta Activity is a depression-related biomarker entity.,seed,,2026-04-10T11:06:57+00:00,2026-04-10T11:06:57+00:00
ent_f41dde6a705434f2,serum ferritin,biomarker,"[""serum ferritin""]",Serum Ferritin is a depression-related biomarker entity.,seed,,2026-04-10T11:06:57+00:00,2026-04-10T11:06:57+00:00
ent_634222360a9bdc7e,vitamin d level,biomarker,"[""vitamin d level""]",Vitamin D Level is a depression-related biomarker entity.,seed,,2026-04-10T11:06:57+00:00,2026-04-10T11:06:57+00:00
ent_736bbec004e5c6cc,omega-3 index,biomarker,"[""omega-3 index""]",Omega-3 Index is a depression-related biomarker entity.,seed,,2026-04-10T11:06:57+00:00,2026-04-10T11:06:57+00:00
ent_aa0a4308b2ae05a9,fasting glucose,biomarker,"[""fasting glucose""]",Fasting Glucose is a depression-related biomarker entity.,seed,,2026-04-10T11:06:57+00:00,2026-04-10T11:06:57+00:00
ent_8928f1ee9d281fe9,hba1c,biomarker,"[""hba1c""]",Hba1C is a depression-related biomarker entity.,seed,,2026-04-10T11:06:57+00:00,2026-04-10T11:06:57+00:00
ent_66fda543364d3e1e,body mass index,biomarker,"[""body mass index""]",Body Mass Index is a depression-related biomarker entity.,seed,,2026-04-10T11:06:57+00:00,2026-04-10T11:06:57+00:00
ent_024d2bf6b9f66c23,waist circumference,biomarker,"[""waist circumference""]",Waist Circumference is a depression-related biomarker entity.,seed,,2026-04-10T11:06:57+00:00,2026-04-10T11:06:57+00:00
ent_d215b27007afff71,blood pressure variability,biomarker,"[""blood pressure variability""]",Blood Pressure Variability is a depression-related biomarker entity.,seed,,2026-04-10T11:06:57+00:00,2026-04-10T11:06:57+00:00
